gene_id,cpg_density,tata_box_score,promoter_gc_frac,h3k4me3_signal,atac_accessibility,tf_motif_count,expressed,log2_tpm
MLTTR_0001,0.2892553485019472,0.7041728947642504,0.3205268507485712,1.3147009127813898,6.999683644930359,6,0,7.057650673556575
MLTTR_0002,0.19279249293882794,0.041166356761451965,0.6944526259235801,3.0816242774896896,3.9254336128688765,8,1,5.945930620206205
MLTTR_0003,0.16030368646385548,0.5960841899822108,0.5169133283391449,2.857829641533313,4.549222049228145,8,1,7.366683926136353
MLTTR_0004,0.28181310482411503,0.7010421009944711,0.3386017314793012,6.967968118938556,5.231556022547599,8,1,7.892310162644526
MLTTR_0005,0.21324203935124042,0.7301748587190418,0.6191873613854201,5.445056003842634,5.164578948177438,3,1,7.906171712228341
MLTTR_0006,0.09191476994658507,0.4973022460204331,0.650697707873319,4.950236214076306,4.701870524282059,5,1,5.816656135813256
MLTTR_0007,0.43549886342390703,0.6284981944161694,0.4493788094379429,2.431741717367269,6.297462454514984,1,1,7.280538005142925
MLTTR_0008,0.3732988869724658,0.6335129946631515,0.6179778040994861,4.610862233585993,7.335115076943197,9,1,7.936081571786765
MLTTR_0009,0.10765907008081015,0.8245883456154462,0.32707761527024476,6.297015881982469,6.678188838217528,4,1,7.942753670848748
MLTTR_0010,0.2410746998080123,0.29651374212477083,0.5802939757152998,5.289598774227633,4.047373337647544,4,0,6.2900908990722035
MLTTR_0011,0.4618458960327145,0.3819773390483246,0.690297091570641,7.083542168294915,1.3625249455052106,8,1,7.538391843751114
MLTTR_0012,0.14860297398709185,0.7449622754604127,0.5995004933971455,5.1264112350783115,5.21200579775087,5,1,6.909840611132133
MLTTR_0013,0.0833979492075585,0.9105836931631323,0.40746123634035497,6.355033579372488,0.0,8,1,6.1643312787291205
MLTTR_0014,0.3022897152098947,0.5237212874458346,0.45784628610598715,5.8841047842880325,6.3111242992016,1,1,8.422693583003184
MLTTR_0015,0.20065065496749435,0.3108978351110866,0.5682349360943642,3.8359313889910913,6.209294281827963,7,1,7.420819849661626
MLTTR_0016,0.11552093463724232,0.516371027023837,0.4747947294967788,7.6438428547478505,2.611159126501854,5,1,7.1443459815338475
MLTTR_0017,0.5349314763198155,0.6237052149478197,0.697576228684735,5.693252761938443,6.13362754366451,7,1,8.112824009373204
MLTTR_0018,0.04102813529420183,0.567852093637068,0.613285261517867,6.618107116345605,3.697131060151073,7,1,6.60396617484538
MLTTR_0019,0.4103556534954927,0.43424462764635835,0.4731153999344492,2.840413376591356,7.473163195706684,3,1,7.392550921050253
MLTTR_0020,0.5273579341113018,0.40065023796316257,0.5812615982006464,2.7977350799875382,3.4938766464899103,2,0,7.3632338721216595
MLTTR_0021,0.363830306500062,0.6934812421750781,0.327931189102361,4.609282701490101,3.361034484723617,8,0,7.456832244489244
MLTTR_0022,0.15675454455888826,0.4930294591693142,0.4333466041130282,3.3585219473635046,3.7114246163494773,1,1,5.5482425185927555
MLTTR_0023,0.26828622866893453,0.15099414783466733,0.315632340382845,6.207889275615633,5.461824186299975,7,1,6.647482536281537
MLTTR_0024,0.31755509118150904,0.5681599801435511,0.4363474902723466,5.787007771068702,2.9609268276915,0,1,5.0274940548700275
MLTTR_0025,0.05637389557548765,0.374297293358681,0.3707078782792158,7.4205918740249075,9.411027384012314,5,1,7.967992412142075
MLTTR_0026,0.6560135728256254,0.6553310698496699,0.4944849204080146,6.146159389006155,4.2660526149287,5,0,9.110464427707141
MLTTR_0027,0.36048018392632525,0.8072559260416982,0.4320706932064361,2.7098479129533373,8.425631996563677,3,0,7.690865893339708
MLTTR_0028,0.35095307632688144,0.564915614669628,0.3236742800931348,6.864841647980787,4.436058399856269,1,1,7.490124606542888
MLTTR_0029,0.17406920645512813,0.44813591172578066,0.3638473945721952,3.668950985316184,4.374271346325445,8,1,5.491133192591698
MLTTR_0030,0.35502292964077903,0.5450035592354707,0.46407540451673657,3.501610181810694,3.60563220944792,4,0,6.099808571228801
MLTTR_0031,0.033281095575998204,0.8194403908542904,0.5405134588310825,5.092770584393151,3.5063796617745724,3,1,5.843479479418692
MLTTR_0032,0.31694606271942294,0.23520585781711603,0.4061781341483461,4.950897793885661,5.8533908734753535,6,1,6.632677822161205
MLTTR_0033,0.5822989399045635,0.6157906324471886,0.46043783810923816,7.042367727388168,7.341993735045443,4,1,8.54076500885612
MLTTR_0034,0.5123189673759735,0.8009802760623924,0.6783652546329823,10.0,5.205721952071968,0,1,9.11371056516093
MLTTR_0035,0.1628268693494972,0.7995498316932697,0.46380321211674436,5.815491658193282,3.247826618605596,0,1,5.9561749447897885
MLTTR_0036,0.2576112135761846,0.8836669737015895,0.49296931846445635,7.876843086723276,5.412162676051912,8,1,8.208058392367901
MLTTR_0037,0.239107997657817,0.6118706897852118,0.4988889384906379,4.546137509988209,3.4475878664208115,5,1,6.630709009083279
MLTTR_0038,0.2145584236037491,0.7078432109769406,0.6702295712202743,5.6420141401078805,0.0,1,1,6.459899554808169
MLTTR_0039,0.29472414784037326,0.19568976249711484,0.36686705363545835,3.9343702340637705,5.240823124605404,6,1,7.3535442088912495
MLTTR_0040,0.14769116423214945,0.6480777659880029,0.4868138581462266,4.1232011884670285,1.5758225210076033,1,1,5.387604244659261
MLTTR_0041,0.10585189261848153,0.7070182664126426,0.624058328802629,7.653674873609495,3.7563543562990365,3,1,7.238407586321694
MLTTR_0042,0.3678941275883592,0.512538913887314,0.5123876502014014,5.874136717334275,5.099614940777581,7,1,6.85447550808909
MLTTR_0043,0.34759042830757664,0.1849385066172944,0.4336430825620348,5.8597773417918955,4.209617553652845,10,1,8.295340121874858
MLTTR_0044,0.1283307112624051,0.7456398606147774,0.45073222269352764,3.3681792420418653,4.481375349496851,10,1,6.6402217919043265
MLTTR_0045,0.3076686877231478,0.5293773135762437,0.378349769347472,8.384074261513124,8.026192600822979,10,1,9.147639541162281
MLTTR_0046,0.21698400769249268,0.32974501468938777,0.5680750171814666,4.613845045691827,6.86798966777639,1,0,6.924614991497337
MLTTR_0047,0.43264196141394773,0.41799233621630494,0.6376873749452385,3.6689808195910336,7.964587152031416,3,0,7.777918742507837
MLTTR_0048,0.4241020846117579,0.5262354704217808,0.591153696053389,4.930454017258508,5.412906570058109,7,0,7.256858963808788
MLTTR_0049,0.29379251890584945,0.6033450227915484,0.3198814493771154,6.315151633229283,5.439580428545125,1,1,7.402856760013275
MLTTR_0050,0.39802162536869723,0.2947853900009615,0.6142102619026466,6.4656165205209195,8.455128065605837,5,1,8.050603933422012
MLTTR_0051,0.2615082748011315,0.5966394261149925,0.5988905786613654,7.90619731709331,3.771389170295903,0,1,8.09398000459919
MLTTR_0052,0.09649590887076823,0.9154497831397908,0.4513884586382135,2.8509421235480303,5.646970267473719,2,1,5.0509021661294025
MLTTR_0053,0.6771682961457475,0.6919743597642294,0.41373973715552687,4.110501413370275,5.2570855317564416,2,1,7.508809144871544
MLTTR_0054,0.26635034459579976,0.21007851267825736,0.6844578677493989,8.08607405833257,5.569615505292432,6,1,6.509208033751517
MLTTR_0055,0.11618932031916104,0.6088688786708294,0.3555349878883466,9.510653655319237,6.164521209117529,6,1,7.4989404910053
MLTTR_0056,0.3006965719159303,0.8266380389117642,0.6160687690164548,3.715985274162178,5.230314573295743,4,1,7.4576683871956675
MLTTR_0057,0.24105294775830038,0.6287886064537291,0.4079769480658095,4.77893937299982,6.580889452008969,1,0,7.554385324026184
MLTTR_0058,0.13464881420816532,0.35276049713674784,0.5173648676404294,1.8858191614768969,3.3410220340454266,4,0,4.433071856913262
MLTTR_0059,0.08907592412967495,0.2741234903221676,0.580981245746351,3.3274143682970134,5.965765298741565,3,1,5.476852962875765
MLTTR_0060,0.05940000423892549,0.38786021788377634,0.6660737198338255,3.2074216742042214,2.955832184335488,9,1,5.392133067699437
MLTTR_0061,0.188569928961673,0.43082600940158133,0.6092146868725616,4.7662465203588305,7.099655415831032,7,1,6.578012050686178
MLTTR_0062,0.07854409513126422,0.21567372046848685,0.3321495546611637,2.594376363630808,6.908850253386767,6,1,4.733070873652914
MLTTR_0063,0.10195857668422421,0.32518703510905433,0.6466053195422399,6.830300196235185,4.584022501805656,8,0,7.417530205941237
MLTTR_0064,0.06953385355500574,0.5270857965273633,0.6888609666107912,4.858273499837543,3.994527945241196,8,1,6.527804048953553
MLTTR_0065,0.2669032832747463,0.4794370223572553,0.3147045903340998,4.46753462295648,4.9338591084924035,5,1,6.2703618637695255
MLTTR_0066,0.4742304102733745,0.15698873184525372,0.4184849260387414,6.812624598720956,6.0652765719111725,0,1,7.530303933596686
MLTTR_0067,0.27730341061862973,0.7618105645803911,0.6531840915644465,4.440747686929137,2.0323929852475096,4,1,7.320194943386704
MLTTR_0068,0.14903184056949453,0.3484962671814091,0.5125833545581637,2.4978307564482303,3.022691380973492,10,0,5.2249723076142
MLTTR_0069,0.17044893119857776,0.3218209251126065,0.3035653145775695,5.028597066930811,6.81434726833392,3,0,5.8468362002226275
MLTTR_0070,0.2931879326577948,0.7976697898498568,0.607284438321982,9.306348370896174,4.560967162207171,2,1,7.742132041476801
MLTTR_0071,0.14793949821178645,0.36218025040698615,0.694749262500881,5.173645473779395,2.47179226195207,8,0,4.773253327378025
MLTTR_0072,0.3175156386662573,0.08287528666146457,0.3595749868650696,6.019072165746033,0.6402528423516811,5,1,6.350054503990246
MLTTR_0073,0.3413472748627083,0.12003224154556318,0.6467478823264541,4.581667332445986,4.110679091580318,0,1,6.567423498678583
MLTTR_0074,0.3161720805454633,0.6827534781793841,0.5481508018974142,4.5366541586083775,1.5516261296994274,0,0,5.823364967351321
MLTTR_0075,0.49655943657314944,0.6549666756917923,0.5439738282140133,5.981819900155265,5.217318281370037,5,1,8.256274268640848
MLTTR_0076,0.14274515225583745,0.7637443271508961,0.31865230401608263,0.0,4.808746636923961,2,1,5.178734419425318
MLTTR_0077,0.2176508495500299,0.5495688814597841,0.6890542824354393,2.499961619228464,8.549111359771747,2,0,7.257467787267021
MLTTR_0078,0.22337447000319632,0.7559936313147599,0.6992575491123224,3.787408913588628,2.5243812608154017,5,1,7.827885384330483
MLTTR_0079,0.10019314354654582,0.7385016544327628,0.3517876638832054,4.437894865313367,6.200876400716894,3,1,7.0813421629262585
MLTTR_0080,0.27276532937270104,0.5298276141879258,0.6269975066434479,7.874750860514995,2.625391046138176,8,1,7.36533572266265
MLTTR_0081,0.2025775252463966,0.5898602389925537,0.4400374823589214,9.869947621424572,2.9456204230030516,9,0,8.2871972464025
MLTTR_0082,0.061148274784946006,0.48014787352955773,0.31169799129343384,6.233043273930521,4.550628126576667,8,0,5.284376184730538
MLTTR_0083,0.20829719742436661,0.3892794395239399,0.5086106217912849,5.7693547162001995,3.305142478416093,3,1,7.490871134632737
MLTTR_0084,0.16967130495343138,0.5927591146193181,0.6370914718751598,6.336102796674479,8.499048070820121,5,1,7.950330921359683
MLTTR_0085,0.43050433804426064,0.4266711353429278,0.5328697843835666,7.981146625100916,4.844683416216128,4,1,7.8860899841271905
MLTTR_0086,0.3814573981929628,0.3376899358179819,0.32270125263112315,3.0122452946416525,3.48379666622273,2,0,6.13844466685219
MLTTR_0087,0.6015769566543686,0.4956160373131638,0.6453466297356396,3.9931645957755637,9.448252015898078,3,1,7.990789916525261
MLTTR_0088,0.20563580302457676,0.5422291800166238,0.4718330172501346,5.28457818878981,3.395901599277487,6,0,6.271219081506077
MLTTR_0089,0.3122779085858186,0.6076522884711539,0.5238007589073492,5.568990803241714,4.214250564366475,7,1,8.886108969488767
MLTTR_0090,0.1351420972356956,0.6528682445963438,0.46270205242137263,1.1865907762038903,4.530932465834437,4,1,5.806418921570219
MLTTR_0091,0.2384644778504421,0.25884160394350036,0.6862815990838229,5.83200407428154,3.4248243279783717,4,0,6.269631224235508
MLTTR_0092,0.5967392692373368,0.4734707228224985,0.5161815894902135,1.8040895411370834,6.1103616568149715,1,1,7.396990587187524
MLTTR_0093,0.07555422540789368,0.5443069902638618,0.6269518208562285,6.501613026192683,7.2541906752070835,3,1,7.8569593291439945
MLTTR_0094,0.1574216652045095,0.24968932383693407,0.6791437304035735,6.662033402487511,2.4233923124039944,8,1,7.263744297275698
MLTTR_0095,0.18218155571688702,0.2928620442193031,0.5375470546386956,0.462908989170284,3.9830595827559874,10,0,5.7705777642201825
MLTTR_0096,0.4814164206149511,0.7795441791191688,0.6398791012513313,5.976881105861814,4.191958034704422,8,1,9.109012369214009
MLTTR_0097,0.27439164214794864,0.40065564718550345,0.3841649407014102,5.365113255503657,2.2030132327943877,0,1,6.538264664345152
MLTTR_0098,0.08792397537633387,0.09568076627403968,0.3769511410819829,3.740691307141563,2.358868412952713,1,0,3.6985520216251673
MLTTR_0099,0.511839644615407,0.5013645470547791,0.5961422073945135,6.870939889656938,4.195922146801984,1,1,8.536165027330611
MLTTR_0100,0.23460600357314065,0.25540069786685127,0.5706980589473423,8.968032766568143,3.1636354218349454,0,1,5.5488231788419675
MLTTR_0101,0.07525657755093962,0.022318177205006832,0.6816084550019013,5.963420891039494,5.519868834537538,10,1,6.478426398988695
MLTTR_0102,0.03501208203887974,0.8251850195588143,0.4435126495259018,2.7922561808177697,6.502218227648614,8,1,6.766721417274304
MLTTR_0103,0.3165239540874347,0.5858232100441796,0.3721648938741941,2.0964283134711295,5.270329438207088,4,1,7.410979317207473
MLTTR_0104,0.29879956165568916,0.5371545963608929,0.4672574882606657,2.6394552839867367,5.463173344772407,8,1,6.911814788841154
MLTTR_0105,0.041167443586433046,0.4345616086801131,0.6565490269119683,2.942248256576628,3.1206333114952303,8,0,6.430166097374274
MLTTR_0106,0.5573717622282215,0.3006309624751737,0.5188061729998528,7.211412601642426,3.73749454346776,0,0,8.398892655652038
MLTTR_0107,0.24066139538054118,0.9021480038573201,0.4254793004415535,5.544845490552585,5.658757041060974,7,1,7.6020973590403464
MLTTR_0108,0.35211740969076427,0.4424117919342548,0.5001359164369741,4.916736616076865,6.012378201784997,4,0,7.301592196944886
MLTTR_0109,0.397668995938692,0.3680737311502648,0.5925515896626927,6.71119720339526,4.730108124971386,9,1,7.331780800787375
MLTTR_0110,0.16085609300399606,0.6251203403320177,0.34209111983660495,5.007526187946916,5.955320023254657,7,1,7.567000255977911
MLTTR_0111,0.16839715284254939,0.7490971911430168,0.5806144414320418,5.039806747248944,4.414225442192505,2,0,7.235936009569299
MLTTR_0112,0.2946727022926734,0.575551216648765,0.47456100228644404,3.292591844180265,2.639812664643207,3,1,6.294324659453578
MLTTR_0113,0.11500847015658922,0.9177235647220666,0.6508727102874979,3.7282489608031355,5.49813660926495,4,0,8.336092148965426
MLTTR_0114,0.28846501128271634,0.4907643894226671,0.6216058981178023,5.03088149264587,4.075965542880959,8,0,7.801758710029789
MLTTR_0115,0.12084855879070232,0.6712157053013001,0.6071405993147114,2.6388925887425176,1.5996745555734777,10,1,6.567407913006949
MLTTR_0116,0.10295018504271698,0.40797036771609996,0.31916423854840453,8.280914658977032,6.5224283166670345,0,1,5.580877492761005
MLTTR_0117,0.4024803175230169,0.07640766662690923,0.5140082804385128,5.216206803710278,5.636839661007221,4,0,7.124104363360751
MLTTR_0118,0.23263905396186518,0.5818209610405967,0.3216781250630417,3.8759106895487614,6.303296656436002,6,1,7.541634936729123
MLTTR_0119,0.057085021867327876,0.5006649461649617,0.4417660802745076,6.914545470164688,3.9816213365984927,8,1,7.442891713534243
MLTTR_0120,0.25413484050851454,0.5445367120898446,0.368624364748801,2.8591135691798653,7.7637455732480145,2,1,6.642274538956827
MLTTR_0121,0.1888913514576609,0.45176946622867326,0.49624336658012896,7.079064975572168,5.821189360642355,5,0,7.014028430017576
MLTTR_0122,0.49528444491083795,0.5315768858209426,0.38582758371133186,5.138587269673733,6.783551008929168,7,1,7.604425265278021
MLTTR_0123,0.597557309652974,0.8106227712634919,0.42647702978810514,8.721486745298186,3.632504774957379,5,1,8.300535453806694
MLTTR_0124,0.18845742946722935,0.48305741248896045,0.6006657843382754,3.8734619281205473,4.292204938304302,0,0,6.295028221531068
MLTTR_0125,0.043581395533693584,0.19929565532035237,0.6096711618558803,4.177580818487861,7.373154101896207,0,1,6.148731327860623
MLTTR_0126,0.4203772681185987,0.3859119617311357,0.6018811630186438,3.286126227705017,4.844225100474529,7,1,7.475426756691937
MLTTR_0127,0.2669957969566882,0.3564733833195888,0.5926222821009364,2.4816248354196597,4.941722091153454,5,0,6.374154346076914
MLTTR_0128,0.164350454301789,0.5458622287470999,0.44209979476092875,5.468480183288243,7.773095651284706,5,1,7.346547486216903
MLTTR_0129,0.24835219074862427,0.7689249796990352,0.3155345848109546,2.8577486157928704,7.128614483718549,4,1,7.466920151430148
MLTTR_0130,0.24204733254946506,0.18548908510654968,0.3244510877983425,5.60389718905229,5.340212019439005,7,1,7.420155283483767
MLTTR_0131,0.263994640547996,0.3260293888938003,0.5318645725122951,3.6927940299664748,8.578504694684643,5,1,7.323409010908518
MLTTR_0132,0.16709503942347412,0.9218608261655324,0.6859876811362269,7.068947695104338,2.029801966530158,1,0,6.5733184910774485
MLTTR_0133,0.2565523741464397,0.606151376616007,0.5046483056442711,0.0,4.774031911786229,0,1,5.140722409450375
MLTTR_0134,0.4032924563992049,0.5405838679540685,0.48594928586907093,5.797025163995803,3.837095294268544,9,1,7.947995986795514
MLTTR_0135,0.3292135683532365,0.8028542540237331,0.6443908112919285,5.060467058281802,7.741827488422237,0,0,7.888930946950381
MLTTR_0136,0.1633015855954234,0.17898634904580132,0.4493060298588565,4.967839170254625,7.943575066091383,7,1,5.935300498368444
MLTTR_0137,0.09864867383585708,0.9241999002113566,0.389570536875703,3.7033524173287686,3.9803005567400156,1,1,5.659349580391154
MLTTR_0138,0.37751148176583804,0.7640059520196599,0.68030007808685,8.448882663148577,5.186182166395193,0,1,7.975640921215185
MLTTR_0139,0.26513960456004854,0.8231760866397762,0.30082725845112845,4.146934333393453,6.714413430733225,0,1,7.6774318052583395
MLTTR_0140,0.1929976726158298,0.4491589512062162,0.513192936777744,5.813368353068714,5.913162731670957,9,1,7.262929044327182
MLTTR_0141,0.046748111448465864,0.7937579969864533,0.3704985654991435,4.440247488406108,5.421712800786815,1,1,5.893379159838258
MLTTR_0142,0.22078832721543964,0.7694073185593928,0.399286058271049,4.246223936403279,6.829715007591071,1,1,8.074257079284914
MLTTR_0143,0.10155845961349134,0.36793354722774596,0.6760589382396636,5.1393056206640635,8.65490663948173,6,1,6.644080767945518
MLTTR_0144,0.11425901134579183,0.43191487095047065,0.5691189427104005,6.3099136755279694,5.1479727859279585,4,1,6.495078391341753
MLTTR_0145,0.38658799346774475,0.3701403868360126,0.5195315622604642,2.7382973346346895,2.793900301643527,0,0,6.918472311246832
MLTTR_0146,0.3169967579250842,0.4498542707243438,0.3427250542902866,4.025362398484018,4.70970301574182,3,1,6.282362887432041
MLTTR_0147,0.11736524366762499,0.5579174029104604,0.6704701520724686,2.154565721722902,4.846569059203474,4,0,5.9922945885615375
MLTTR_0148,0.4624567408332269,0.49380790187455287,0.4743363587173713,5.756565529344754,4.193584249547757,8,1,7.8031319416111335
MLTTR_0149,0.10103439272750248,0.4194934572065748,0.3402272653682595,3.260924468666846,6.263766504465841,1,0,5.853838474924378
MLTTR_0150,0.3484637761594047,0.5406367548228681,0.5189800583226754,3.4762735249299865,6.328194450439549,8,1,8.078961027472433
MLTTR_0151,0.16411350131196623,0.2520081558799646,0.3336176088041989,6.2589622561899,6.661366751738465,4,1,6.3216085073712085
MLTTR_0152,0.3227341931578714,0.21901166242393386,0.6408952976741225,4.937098899184011,5.83981980458462,0,1,7.337928071149661
MLTTR_0153,0.20833704434123554,0.3543031169367143,0.46246327097571854,5.767453908869038,5.42586480481264,6,0,7.509864897440815
MLTTR_0154,0.24221158723394087,0.5248186224127138,0.4164016205177569,4.680315049726571,2.962746337972266,9,0,5.390661198431524
MLTTR_0155,0.13555512002229053,0.06648084102154778,0.4010807612031421,5.775900571223403,4.269219353937294,5,0,5.538393066174974
MLTTR_0156,0.16350065901955535,0.39621058453602953,0.38324891345478596,5.133132275344125,3.2762633565196175,1,1,6.041178610311203
MLTTR_0157,0.5056688064772149,0.635730116885964,0.37722968738041396,2.736318992277309,5.541328402244609,7,1,8.12168879523596
MLTTR_0158,0.5794424928018334,0.2904773857330255,0.541057646790458,5.382458425034354,4.699709423599772,7,1,8.164140664623472
MLTTR_0159,0.5059707214359493,0.22716555083745002,0.36743724747828066,4.273478259198844,4.850476403546648,0,1,6.488125640231048
MLTTR_0160,0.3915222044349921,0.6234552291465021,0.5184819726355105,4.481322047967986,5.932642247165245,1,1,7.767133671557117
MLTTR_0161,0.31719730139323316,0.3259882363556537,0.6504661440034126,5.516885649035222,4.365013580261227,1,1,8.099792288591345
MLTTR_0162,0.2363918081835903,0.20150763815736283,0.595312688348334,3.861864285809921,6.967214294658403,4,0,7.05145574361472
MLTTR_0163,0.15721681586424566,0.3731243286630738,0.5159667293185106,2.8461943848915037,6.928082649035843,7,1,5.50283769677207
MLTTR_0164,0.36347435041123577,0.7757129783967098,0.4718063021398051,7.317779883081657,3.124462675190257,1,1,8.525339214404672
MLTTR_0165,0.2650648120187409,0.47534425764019467,0.43842105617066773,8.627768714364596,7.429751625459592,8,1,8.015713713374087
MLTTR_0166,0.3086262418001425,0.40007496820796934,0.4008616908982712,4.2721009035153585,4.282735834032888,7,1,6.607456117801722
MLTTR_0167,0.3705789313592048,0.5763992009098718,0.46726231631695836,7.247419610944265,3.5433581977308637,1,1,7.311245279783896
MLTTR_0168,0.11436075017640454,0.10207998202681574,0.6949926912002506,5.727596068678064,4.32610011037176,4,0,6.640614304812789
MLTTR_0169,0.32956518079064334,0.5317453806445297,0.5199535405541582,3.678300371580432,2.5045058170231997,1,1,6.0960674402453385
MLTTR_0170,0.21470310667704204,0.05776153515114575,0.41663686909911496,3.2926053938739708,5.575299886741729,6,0,5.659149098317903
MLTTR_0171,0.29256618741420376,0.5048462418423346,0.4086613881400131,4.399467288901116,7.226709141799612,8,1,7.694258982689581
MLTTR_0172,0.4980905532622957,0.042527159362009924,0.47792299658659454,4.1025106408186005,2.035382491088191,10,1,7.890389518820029
MLTTR_0173,0.6298838145904352,0.4904112329499613,0.48084038622208836,4.295703368691633,5.73957410890898,8,1,7.633397366980556
MLTTR_0174,0.6042464039022747,0.27052431005924504,0.43874292259339076,4.711575174299021,6.038268898067946,9,1,8.276831004278643
MLTTR_0175,0.39547430925708327,0.6589858695643324,0.5198500922211399,2.703737587215399,6.18336013441129,0,0,7.456998885043802
MLTTR_0176,0.44179574091927437,0.26418343566224894,0.5964323705790098,6.682758731570061,6.154624679210896,2,0,8.688054959377244
MLTTR_0177,0.1744492195897259,0.4388152716141846,0.5803488042233182,2.7055560206481175,5.7568907431563066,6,1,6.018700633681266
MLTTR_0178,0.5900143054560282,0.3607505008336871,0.5906684997767716,2.8269285417228427,4.039322201585093,4,1,7.327601152854167
MLTTR_0179,0.2020863903178845,0.7275337531119128,0.509399845000192,6.801492893585935,6.626853639714398,10,1,7.118675400727162
MLTTR_0180,0.020511829388020854,0.2523006111134903,0.6323780108196512,6.475536482424045,5.562152413208744,6,0,7.207467885353856
MLTTR_0181,0.7661639431444612,0.2511777162496644,0.333189616170841,7.860768978476498,6.445840173264115,3,1,8.140001452710868
MLTTR_0182,0.1009681416253969,0.7169691161671216,0.5317826949274533,5.230494179511088,5.520927566731913,3,1,6.801884618451825
MLTTR_0183,0.28699818441719466,0.10253302078593898,0.6330031712262559,3.6748632382563473,4.430995612974097,9,1,7.124347277225132
MLTTR_0184,0.26462472676197424,0.5052866402318319,0.5935244302182097,7.243778957792313,4.840285220921466,0,0,8.139981603330734
MLTTR_0185,0.02955725725037085,0.25860955673491914,0.6828348612905089,4.768920487586811,6.086470630715591,0,1,5.803258845548927
MLTTR_0186,0.5453767880702713,0.1647592931633278,0.35658348835508685,4.711284422588769,6.907398764846422,3,1,8.200072655643808
MLTTR_0187,0.28181450521639945,0.29171680594552984,0.5636983274389674,3.2682124551232885,1.2884145893154333,1,0,7.032127255878088
MLTTR_0188,0.30200356657516786,0.5559159856819671,0.6152064661988137,5.7630806152884695,2.4922787134638353,3,1,6.997317068058064
MLTTR_0189,0.6158456057934022,0.24423753848223279,0.4606033993099648,0.23899417550688629,1.8188290970788583,7,0,7.07010348995423
MLTTR_0190,0.3945056224492743,0.15592562506859478,0.40043195724808595,6.008765775842982,3.914894536091438,2,1,6.153680562231221
MLTTR_0191,0.1865795844895939,0.10947688956981645,0.4774299864596374,0.9655373710505772,3.650885931268826,6,0,5.483277625528399
MLTTR_0192,0.16978614275367737,0.18875119394693782,0.629632138524656,6.700622791281065,5.3026568734898705,1,1,6.163774910451259
MLTTR_0193,0.13101531903036376,0.25700200387576505,0.38982913646659595,1.8525252050666214,4.345266553342936,6,1,5.142660429082694
MLTTR_0194,0.3928475456441805,0.46317824931004203,0.6142222047976136,6.316941381910986,7.458308120132449,1,1,7.344609224299483
MLTTR_0195,0.24306174042323592,0.8589046173055962,0.5987257294748446,9.893608417401065,3.7505333934728453,8,1,8.457271799442697
MLTTR_0196,0.2660957541388675,0.628067770950066,0.5197743821020842,4.404011772229711,3.570592252029943,9,0,8.34356277895761
MLTTR_0197,0.3310785538533462,0.4650708571742405,0.5066545887235788,2.6307530939729755,3.3566889440968284,8,1,5.956338034125474
MLTTR_0198,0.25793255183338304,0.1224409332162451,0.6779970734217653,8.838883274857125,4.350671017608952,5,0,7.365916392745506
MLTTR_0199,0.1747617184396422,0.4848299086258178,0.3528965605847933,4.078213928119333,5.2291311665037075,8,1,7.216690739471971
MLTTR_0200,0.3331409563486363,0.2592986987491403,0.32577480723576835,2.735609185520681,3.9989001406733307,8,0,5.670907942896404
MLTTR_0201,0.2497169209271708,0.5155178083223404,0.5083604106718946,7.465278294909643,3.1596996612888897,9,1,6.671993671039036
MLTTR_0202,0.505857566488847,0.14385223614497122,0.3337228623095423,0.0,2.3218813002324303,8,0,4.3904280965550075
MLTTR_0203,0.37012432631438613,0.8107804846295006,0.40244879001141204,1.9966934493778692,5.265966100600141,2,0,7.0674061804979385
MLTTR_0204,0.49211791709763536,0.6345450057933218,0.35292135860689927,2.331333829617548,3.872279089090303,9,1,8.435739620340723
MLTTR_0205,0.24190956685994078,0.4438795387743548,0.6785205650983253,3.5712479135070483,3.0436142249420044,2,1,6.019650519173771
MLTTR_0206,0.3515457515224013,0.4231321835441153,0.5025355415902291,0.9141980922459654,4.400219897472355,6,1,6.8731706571233655
MLTTR_0207,0.6728663287321025,0.4494957032406364,0.40356943097763065,6.60334178531701,5.54533606624878,0,1,8.63893068207904
MLTTR_0208,0.4394622374955285,0.4488071633296385,0.43034129756881684,7.00306177769418,8.809678774136383,9,1,8.497301183012496
MLTTR_0209,0.15778636938622387,0.9078270700919355,0.37389255474134675,4.846894557398038,8.005780519553934,4,0,8.406372212716144
MLTTR_0210,0.07593202476220068,0.8601622778806334,0.44749981349856904,4.131390160557559,3.220021866546543,1,0,6.68001116637082
MLTTR_0211,0.03857396014053953,0.5608846107480662,0.3727274880231449,1.833412748387341,4.056338506515573,9,1,5.340356735265228
MLTTR_0212,0.20260791266427627,0.3097299470342326,0.636219098437621,5.893879947351703,1.191489161197972,2,1,6.935908838770742
MLTTR_0213,0.06221636369945518,0.27787016765577277,0.5238655371197439,3.5578334052214373,1.177404165596739,7,0,4.874472503563083
MLTTR_0214,0.3430596820285965,0.6040710230894903,0.3428184274325812,6.188657534602737,1.3941974410929343,7,0,6.798421549445303
MLTTR_0215,0.18396132304593615,0.1568896706705021,0.6403185856201852,6.997195840904361,6.640358174671305,2,0,7.297070751772221
MLTTR_0216,0.16661979480577155,0.6736148279556762,0.48049149411554787,5.051019817077202,4.61670267307705,4,1,7.385521205861514
MLTTR_0217,0.055824495369864176,0.7426920455329701,0.3131994775318168,0.7333722918277239,2.1108656361614497,5,1,3.834865542872089
MLTTR_0218,0.37608630006803867,0.31455196139818914,0.6031105108115593,3.086331594244311,3.6248346164222345,2,1,5.6271924198285985
MLTTR_0219,0.31842197170603054,0.27657341738419494,0.5645812432448087,7.687911219332607,3.9457476544035295,6,1,8.046109690021392
MLTTR_0220,0.38948832692060636,0.5493972981176379,0.5007831355803057,5.509769849173019,3.6426657005492897,4,1,7.969995268967994
MLTTR_0221,0.38150047687712435,0.3662264776937711,0.4660095521114535,7.800658115140137,7.691206861795633,5,0,8.276187159285477
MLTTR_0222,0.2330385104057821,0.5843916366229254,0.5918594661543387,0.4912075045254367,1.2282627981758112,4,1,5.623651326505277
MLTTR_0223,0.363261949935445,0.2518060919577358,0.6898971438453054,4.735444810162409,4.035640018482237,4,1,5.928285944014521
MLTTR_0224,0.34575132853102575,0.5430471739925545,0.500180815445513,4.608877235391017,5.366550500805626,9,1,7.024356649095367
MLTTR_0225,0.25472524973594196,0.27828044823288706,0.6586073964448782,1.7115666263973748,5.813151859396907,10,1,6.743193564953695
MLTTR_0226,0.3654380366784555,0.38261754559215827,0.5192969811807274,3.67235817143219,0.7569865159041003,4,1,6.524200309496398
MLTTR_0227,0.09481726121001922,0.30168559065893386,0.3958603847687523,6.917098452022614,5.251987701660087,0,0,5.781376472414861
MLTTR_0228,0.26627407738490966,0.48791935367254957,0.585661694869971,6.044535372637906,2.500929565468758,9,0,7.51460147328429
MLTTR_0229,0.3207601362341418,0.6030888274834403,0.6145924272140115,3.8911907835124993,3.7982238125204972,0,0,6.706079081304516
MLTTR_0230,0.38447753296783144,0.614327972402171,0.3503425551444672,5.614867134933977,1.872988595050649,2,1,6.8889634670399955
MLTTR_0231,0.5069966533970673,0.5570786694032743,0.38595359599840695,7.346395183399373,6.365775422607658,10,1,8.755110305401509
MLTTR_0232,0.21326086398272576,0.5859708504373412,0.3465468191705994,2.8036732418317247,10.0,9,1,8.346541690843665
MLTTR_0233,0.5826588841638631,0.7726430207797069,0.3148955980568198,5.548455271066613,6.826901143430834,10,1,9.001413257026368
MLTTR_0234,0.28195379180259517,0.5297773131184033,0.4347606470667425,7.050760337946452,4.332391248265588,9,1,8.388376004112052
MLTTR_0235,0.3996251328457308,0.3510034829140712,0.49685586412925076,3.585578474491269,1.5600396717939482,8,0,6.077036778933907
MLTTR_0236,0.17350580749951494,0.6708214982812333,0.5318627891169747,7.5681276157795585,6.560145469717554,1,0,7.653936339667485
MLTTR_0237,0.189830188773074,0.6299338688706069,0.49819849746514144,4.784044226005223,7.182765120224406,7,1,6.32408479063231
MLTTR_0238,0.18595159542851034,0.44017898674122324,0.6307098954510323,7.18400094337773,2.8070534099828963,8,1,6.364162141781666
MLTTR_0239,0.24600302381104874,0.43845631381205524,0.370649567818686,6.812310443297317,6.6969302238262145,10,0,8.54920060762308
MLTTR_0240,0.22858079599055667,0.4364644558850336,0.682447578458561,5.494220648013929,1.4886035426370419,8,1,7.309946578577961
MLTTR_0241,0.29366681653126414,0.12989202728825625,0.6029100656420083,4.382441689668237,2.472491373939777,2,0,5.819578187436594
MLTTR_0242,0.3407305868509313,0.23295483988204374,0.32041756948496536,3.6546971245356055,5.181009602660734,8,0,6.5422578944969825
MLTTR_0243,0.04168552084676965,0.6865383678882518,0.3228806877829596,5.306442848696665,2.2510830019753674,5,1,5.200531218120727
MLTTR_0244,0.20093241759486274,0.691007654506816,0.343626068961975,5.388649061125339,6.346172948981176,9,1,6.468614852193053
MLTTR_0245,0.1390120692414982,0.3496109391178226,0.545627025730258,7.775988752473333,7.628133238003791,5,1,7.399053362040252
MLTTR_0246,0.25239022478415307,0.21792171042648759,0.5257607686109609,4.795562460498139,5.030034189831505,5,1,6.454212782087402
MLTTR_0247,0.2192318719225885,0.27313991436110685,0.40232036751451994,5.674241277734733,5.8511304221036875,5,0,5.351640037476139
MLTTR_0248,0.22598979828931068,0.4389751136591045,0.5698829788019861,8.339812749517174,7.965093620107595,5,1,8.828609016611304
MLTTR_0249,0.1635453681172549,0.7859915331199048,0.4358015652739702,5.616388832115212,5.905565342422001,6,0,7.371011962410234
MLTTR_0250,0.1273354629332354,0.4242192292695456,0.615284197834576,5.8836820209055,7.4143072546885485,2,1,7.481187901838553
MLTTR_0251,0.3782747121829379,0.7066183858840478,0.5927283401045949,8.187882392281688,7.6588303093170165,10,1,9.364321563433265
MLTTR_0252,0.14336800613060763,0.21033547512785786,0.39368552315195293,5.152692736543368,2.933338437390424,5,1,6.867247598211559
MLTTR_0253,0.4975058697334194,0.3550505420632178,0.32793718504521024,5.769163731019657,9.105755741375093,7,1,8.280467178958215
MLTTR_0254,0.03826955755702959,0.40718036248860184,0.5454035591169599,6.481561841394583,7.194627736305563,10,1,7.960493896895011
MLTTR_0255,0.38807790108374324,0.5054522250957386,0.3338721101528123,4.736091838989114,5.238498332884386,1,0,7.10081415582071
MLTTR_0256,0.1808289612090894,0.7062077731381496,0.5274777066619465,2.7435452109815417,6.52181287141776,6,1,7.519853656437372
MLTTR_0257,0.2189342533423432,0.8689731371333853,0.567430324524631,2.0445892513655424,5.5612232380764235,3,1,7.28297860145214
MLTTR_0258,0.17646543309674081,0.24562686456965294,0.35979449506852823,4.565239469136004,5.398303231083906,8,0,6.166586788035743
MLTTR_0259,0.40269993242762764,0.43026753643364923,0.6077948794279018,7.219976707325831,3.0610377656467964,8,1,8.028571982875956
MLTTR_0260,0.23036523320040994,0.4935506886091497,0.4605817980773847,6.962148096439577,4.197647607482055,9,1,7.434330129884293
MLTTR_0261,0.02753331179809403,0.6717570986805047,0.5518654880786356,8.229729021045449,4.331780154819361,2,0,6.591733495223826
MLTTR_0262,0.26937190983811626,0.6456675873519546,0.5069450814870708,6.782795510796854,7.038632884566307,6,1,8.159688816509007
MLTTR_0263,0.7309412474306282,0.1693908199951266,0.5854422881097334,3.6733031255653796,5.882320965020723,8,0,8.48133689153719
MLTTR_0264,0.2780587886897318,0.16286140321165346,0.4971724854631814,2.0602102334952437,5.748277625664572,6,1,6.692756851298176
MLTTR_0265,0.44172918712687015,0.7915163024581846,0.5087611435236757,3.9375586933572606,4.756998629264847,0,1,7.410101205571814
MLTTR_0266,0.21463488356529023,0.46143992817096746,0.48818367196093315,4.43992531981604,7.378687162302325,2,0,6.094303183751598
MLTTR_0267,0.08930207800031525,0.2767389243647712,0.3632415607344103,3.484545149540258,0.31506467120795456,6,1,6.037794411884783
MLTTR_0268,0.07037791250674577,0.4279874684708357,0.5521116477856876,6.8140554824429955,3.2449745254161,6,1,6.678265731746154
MLTTR_0269,0.2639035238336445,0.5335540246544974,0.3095837980499875,3.385392506521056,6.788063781434292,10,1,7.89955451061484
MLTTR_0270,0.21048947579775804,0.622019123285314,0.46700706975263073,6.13011970379932,4.191772180015066,6,1,6.258198839794992
MLTTR_0271,0.5005294212633807,0.3601507490858662,0.6112205212181869,6.5331680826009135,6.203009839982395,6,1,8.32576767159082
MLTTR_0272,0.14906047346338558,0.24331410347365626,0.6424334770348901,1.4895433015053547,7.998227664454943,0,0,5.633188069669517
MLTTR_0273,0.15062086198862,0.47999712214494517,0.6377091017905105,4.123528364008071,6.5055165062839535,6,1,6.850724649529853
MLTTR_0274,0.03125227999439119,0.08404963155597465,0.5966666568964927,7.481153705774336,2.178109686665199,0,1,5.4820916844963445
MLTTR_0275,0.11622226927331432,0.7561425018715018,0.6876314367092456,6.656313087995784,4.549670909691172,10,1,8.797259356983936
MLTTR_0276,0.178678293471718,0.28958055930011234,0.6956069896162174,5.2127590262773325,2.790399099804256,10,1,6.931650618305502
MLTTR_0277,0.20272193483884232,0.7817069342408961,0.4610963029472479,2.7541294368869123,5.8821823784862115,5,1,7.757436144148439
MLTTR_0278,0.20787518470746477,0.15883622681693915,0.5699142972024538,3.5642899142384303,6.955504352259828,0,0,5.794231872872571
MLTTR_0279,0.3304352515947212,0.6021516857920144,0.36270303181248154,5.143195124711283,4.526851167574486,9,1,7.396579552591244
MLTTR_0280,0.25792642079659295,0.4316640255644214,0.5520484872492337,7.4904548369575155,5.957329055134215,8,1,8.098737036496791
MLTTR_0281,0.2070025624503715,0.1868939325358425,0.4317411313008665,5.953716417232018,4.6019369581238765,9,1,7.296000557128615
MLTTR_0282,0.2211431396758655,0.4777040426906569,0.649724837900279,4.794632659165298,8.640370198279612,6,1,8.126653299053313
MLTTR_0283,0.16265321738371089,0.7617817375283019,0.3538677605483925,5.435186322146398,5.236539571933579,5,1,6.359123733009893
MLTTR_0284,0.452574729937336,0.39353370792820747,0.3648615104440999,6.523901990818205,5.424547043053816,9,1,7.9504950487038935
MLTTR_0285,0.36668073274394203,0.46621964327842974,0.5580479274562926,1.4633160886281313,6.062214901049204,10,1,7.392190573067894
MLTTR_0286,0.5934694438477721,0.6028398301266615,0.5236858425967711,2.9885488851451836,6.996705182722916,5,1,7.999765878958155
MLTTR_0287,0.4872537625509171,0.8201021394252987,0.5485454438790391,5.029230474970728,6.3101674878213165,6,0,8.822576880154733
MLTTR_0288,0.12839901336723172,0.3368170495380838,0.537656776397836,7.3848284558430075,4.936048395024534,6,1,6.516717937056688
MLTTR_0289,0.15486192563341727,0.5455385946495883,0.3185649077687681,7.125140241175046,5.095869170089546,4,1,7.274416845196884
MLTTR_0290,0.5236347276601934,0.7909892726560472,0.539355680532703,3.4082653532586242,5.959768113842358,2,1,7.567423521154453
MLTTR_0291,0.13347079194283645,0.43672346680592966,0.4755269501883177,5.01515970904213,6.115018550941222,1,1,6.560348145371807
MLTTR_0292,0.17396801082894003,0.543480912402105,0.3785647320688384,3.485424196752974,4.280032224382569,6,1,8.005932876835715
MLTTR_0293,0.3444892424281777,0.6534921928846299,0.6303890252024513,4.1853780876245565,3.8957493272371213,3,1,7.787959680934752
MLTTR_0294,0.025920242672369878,0.18827170059193118,0.5937579662166376,5.253873632377561,4.546500446014039,9,0,5.665852785098426
MLTTR_0295,0.15066138855117686,0.8466527681023522,0.5618647430802213,4.241902929514613,5.875371157190925,4,1,7.060233012674852
MLTTR_0296,0.06947072643767568,0.2873385865594339,0.4656226263475006,3.849209260658582,4.14622936064692,2,1,4.943753756423591
MLTTR_0297,0.2231207482392238,0.46300175967546137,0.36359912354668533,2.6366638160494995,2.942288198983596,2,1,5.223059560544778
MLTTR_0298,0.29472944488415315,0.6371607917250368,0.3000792199616716,1.796900645999866,4.361310071972924,10,0,6.62600851421388
MLTTR_0299,0.18180895206594658,0.21806768960977665,0.6481172861433311,4.57934457661609,4.063942944152827,7,0,7.15289093714661
MLTTR_0300,0.3327297685220646,0.24532572882190273,0.48791320404962735,5.346700926292518,6.149861740854868,2,1,6.653585618658913
MLTTR_0301,0.2552071724956627,0.5511519820792251,0.4936885857711888,6.196729372112889,4.020515074809416,5,1,5.705439201319569
MLTTR_0302,0.40790562926689744,0.6722193384494749,0.4179932717436999,3.328971615707819,4.2224153156052715,7,1,8.034564577331908
MLTTR_0303,0.16287418481159716,0.6617235197910376,0.46702752207346443,3.5178112345689643,8.559164957536014,10,1,7.325673633644541
MLTTR_0304,0.7064009128286369,0.6124574421256014,0.5503618038819572,7.4846073227759575,5.848556843274861,10,1,9.163308621323491
MLTTR_0305,0.0475487950008275,0.5087343685055601,0.4767526571796049,5.792824820973351,3.24283562291465,4,0,6.448300458713346
MLTTR_0306,0.04487342921573282,0.3140094275312257,0.6280078895983698,6.72929587650179,7.283411544908228,9,1,7.3155318274913315
MLTTR_0307,0.15007671878376241,0.28447976248220186,0.37693339782686625,3.826310302502059,4.306492631633276,3,0,4.184803751840807
MLTTR_0308,0.32423443499415067,0.20534078465751004,0.34907883694996866,3.533614543577282,3.4599965121583747,3,0,5.763677656296915
MLTTR_0309,0.3786246675318026,0.8922900202229203,0.6412066327433956,2.661852700712104,6.2316950967047,2,0,8.109878573009265
MLTTR_0310,0.23675514705229958,0.7058034731739545,0.37906109434187996,6.94021606883929,2.321043633203109,6,1,7.6289503882176
MLTTR_0311,0.45546250764970697,0.5755403237220291,0.42321362107459914,2.692813441347492,4.877804238975144,4,1,6.972656484681543
MLTTR_0312,0.755476924367971,0.48577098240261685,0.5954680296582459,1.504815065761882,6.069613019302843,8,0,8.479475611912928
MLTTR_0313,0.18294555664095655,0.7179838402192141,0.3115080902278174,3.4659451630275155,6.42037432432259,5,1,6.418296597089232
MLTTR_0314,0.09554836804841638,0.19882136954617613,0.5076906397184808,7.488033346612715,4.002955018860839,10,0,6.66570418933158
MLTTR_0315,0.08547442128710647,0.2888116318709488,0.42894545150940067,5.015755537090659,4.055289200784531,2,1,4.995036289849458
MLTTR_0316,0.49711661267563534,0.28069964841609735,0.6750865161938864,5.4278718664754555,4.843526181934543,8,1,6.863793612823899
MLTTR_0317,0.34651345915381726,0.7492134175744215,0.5106981201943468,5.193461959468275,7.304516087832073,0,1,7.095256032734882
MLTTR_0318,0.5081846035737202,0.34345895068264415,0.5057332539409984,4.86947901015937,1.599214322072613,10,1,6.850138747874095
MLTTR_0319,0.17988517796086803,0.5573460190612187,0.557789438549571,4.6260168769624626,6.5610103278740715,3,0,7.243138903111149
MLTTR_0320,0.3715766378289424,0.5006415448709559,0.6201634624488019,2.1596488086890444,5.573880686740648,5,1,8.20630185631955
MLTTR_0321,0.3104395667952685,0.2990077621203565,0.4167910842994196,8.280935413302686,7.601415686563429,8,1,9.116711704449482
MLTTR_0322,0.6776269675602712,0.44095988810977016,0.30980607685636274,4.655875057961878,2.879662936017424,6,1,7.126872401554517
MLTTR_0323,0.11907373338579882,0.06894552378758403,0.5357082109915091,7.380374131475808,7.193833451698337,8,1,7.167217958175073
MLTTR_0324,0.26137307088662964,0.369351086126667,0.47880912171494094,1.8414414084694277,3.361566532339681,2,0,5.2981713182602554
MLTTR_0325,0.2194697102136139,0.5234310021999465,0.3846532784442498,6.0402561296062025,5.576816466365014,5,1,7.033788369164311
MLTTR_0326,0.4648231676648647,0.6397615512638097,0.5876680793444851,2.6044136514548653,4.263187740459531,4,0,7.250146013085773
MLTTR_0327,0.10014701888775843,0.5035322914829926,0.5937507165362792,2.381072366002141,0.34809900479373734,2,0,4.696315306493488
MLTTR_0328,0.27752196794242345,0.35811390371555063,0.6918852496415011,5.491113080128816,4.898131080167073,3,0,7.546022899155416
MLTTR_0329,0.7200580153515284,0.5963025450015669,0.6786333466333153,7.016254050491149,5.753912954458563,1,1,7.67229328977858
MLTTR_0330,0.27019840960989466,0.2578515129780381,0.39402934704717235,7.688887975151651,6.646498952036491,10,1,7.92333453227237
MLTTR_0331,0.04193875431521282,0.2122892859040338,0.45393080513279643,7.615575932917021,3.8145490304190375,5,1,5.465409209174844
MLTTR_0332,0.16963825891925757,0.6603827029311288,0.5986693430971579,4.417672218515516,2.796096201359243,10,0,8.023498977880534
MLTTR_0333,0.3184324168422414,0.5370712430433461,0.30734334439633754,6.5257452648787035,6.3536106645188095,1,0,8.143326180775944
MLTTR_0334,0.489747898957923,0.9593863503433514,0.6291311956864291,3.7665389693652127,4.333774874052238,10,1,8.089206399359288
MLTTR_0335,0.3572155384365944,0.0990368800370188,0.5623240741661852,3.8813559119902377,6.996924958035947,4,0,6.4809595098356665
MLTTR_0336,0.13057035909858108,0.3897453983845075,0.4231555021077505,5.4458311595909565,7.71664755895052,4,1,7.3035811578448575
MLTTR_0337,0.2067278733110793,0.5741784459993473,0.6513762196560458,4.7243522609264055,4.57159183039869,2,1,7.063770428326966
MLTTR_0338,0.5147765812381832,0.8217199778112684,0.486451772319638,6.653468867702326,4.690017703631884,10,1,8.152589128285708
MLTTR_0339,0.4403995185520356,0.5629688468830576,0.3950360437503124,1.304807158201084,3.6438649901592077,7,1,7.268421259865881
MLTTR_0340,0.34922946625308554,0.07137574598193203,0.6247077728247654,7.227102997586639,1.1658331973023923,7,1,6.280939455383938
MLTTR_0341,0.42378988784860605,0.19640299857899815,0.666370584890495,3.8003013411558006,5.003182423780802,2,1,6.746102285620387
MLTTR_0342,0.2915551828629122,0.5609918260889545,0.3583328021101545,7.907400735570584,6.396587981358024,2,1,8.355028106258175
MLTTR_0343,0.04450594460840516,0.3976178191512908,0.6783240459296862,7.2434930410095015,7.030797112997057,1,1,7.254016205963499
MLTTR_0344,0.022539218144510348,0.2947762924677924,0.36727105822368267,2.6641511730032494,4.977582202066977,5,1,4.8146770158322445
MLTTR_0345,0.04935076772781313,0.5203773991606135,0.5746135547039739,4.862072182988937,8.530409163524567,1,1,6.21235812090682
MLTTR_0346,0.43334309998497017,0.12839619060489002,0.4966067936022821,6.314626790931943,4.023648506343161,1,1,7.7777239447397015
MLTTR_0347,0.7108437443481387,0.5818361124393948,0.6485198228967223,3.382206628962331,4.9746392456868245,8,1,7.772206769481482
MLTTR_0348,0.4822343663758225,0.3073900468921886,0.6964550841175945,3.4844717103213734,3.9874158328936296,5,1,7.42491101831055
MLTTR_0349,0.5030127815777595,0.5924083910855422,0.340590808163782,4.355494368736926,4.182175372881968,7,1,7.4863177419309075
MLTTR_0350,0.43629125743607716,0.42844978731198635,0.4821178622405591,6.449281598579205,4.494689687083254,10,1,7.722770567309121
MLTTR_0351,0.1340299368058255,0.4109930197005744,0.6459208686689151,6.774033526360418,3.713357232456855,7,1,6.372104328856151
MLTTR_0352,0.3371903301155195,0.6982762256452061,0.46204068803768084,4.12271561736064,4.223810556226748,4,1,6.906304123551357
MLTTR_0353,0.3397145755885868,0.4285053191100449,0.3687583539923358,6.616419047273769,5.558712082711912,4,1,7.598428944144906
MLTTR_0354,0.04950569074902838,0.23932333146892093,0.49340625531816984,7.90220504269236,5.233114190541109,4,0,6.018475295077249
MLTTR_0355,0.4319778812004634,0.9491614211467172,0.3175679061025308,6.799669323082149,3.0385839629020697,8,1,8.487030396737355
MLTTR_0356,0.42835138178689885,0.07040528659723701,0.37097364387023735,3.506483862924105,5.987697578753639,0,1,6.562093610538252
MLTTR_0357,0.2936422834412808,0.38567993021621483,0.6411894869751951,3.290763959343124,3.472188417339936,6,1,6.975717020618619
MLTTR_0358,0.3683238570522238,0.30938346915256754,0.6340076945166764,5.535811696137206,5.891560872377338,5,0,7.802516973540384
MLTTR_0359,0.11410105320731966,0.497368035972157,0.6222664899328862,6.604438675773534,5.163191420044798,9,0,7.687491068343058
MLTTR_0360,0.11061051758728689,0.7710157246298251,0.32395045426419206,5.822740434302533,1.3775076788984024,7,0,5.888293749043628
MLTTR_0361,0.11266490461211368,0.339047919359964,0.5609113062637836,4.202213837133524,3.0576775010448847,2,0,6.608395691682744
MLTTR_0362,0.26022433585057303,0.23195066940104284,0.48142423774404397,3.1209710926620304,6.831758802458135,10,1,6.639051178413084
MLTTR_0363,0.3314400090216905,0.818540333223575,0.566872927270952,7.497977805302288,3.8046523513120656,8,1,7.470440483177492
MLTTR_0364,0.2792003617803614,0.3861815650988337,0.43613908331278983,4.673996740654099,3.7800052192753206,3,1,5.542725211131529
MLTTR_0365,0.1529578202803816,0.7506600438485675,0.418286380071365,8.685069700801373,4.201930852836242,9,1,9.299695315844156
MLTTR_0366,0.3503756663738472,0.3310061563411355,0.6710036465389387,2.689948868186579,5.242990475245226,2,0,7.146713065932418
MLTTR_0367,0.02564571930813565,0.6709349067795762,0.5760399350518715,4.31419851436301,6.122700237418958,0,0,6.950615279153952
MLTTR_0368,0.47075353256916097,0.9642775111881969,0.5527619083894642,3.6974882345934037,4.468951830503136,10,1,7.643967356121491
MLTTR_0369,0.14344031203431787,0.3963815508891637,0.5044173151174448,8.642060794136073,8.23959550578526,5,1,7.229519077794575
MLTTR_0370,0.16220690468780757,0.49310449863404343,0.4184062341979484,7.4359982072786295,3.9456467167949176,1,0,6.755754249168672
MLTTR_0371,0.3340236183413543,0.41660749814797,0.4759556544800073,3.992193022780575,4.145818872847585,9,1,6.986436115367107
MLTTR_0372,0.3287584848826289,0.3765166418857431,0.6563818037585236,1.142065996216882,4.680795200196836,4,1,5.723506163166249
MLTTR_0373,0.1572883981385984,0.37096088134166966,0.6400149665630275,7.270692633949718,5.349173851049692,8,0,8.0665555588042
MLTTR_0374,0.13411560099623168,0.7481809134615349,0.3398738270449813,5.238279818128436,7.812095805395364,5,1,7.656104504096172
MLTTR_0375,0.37492866267957536,0.4550606748621162,0.6146607457165993,2.7357511155527763,9.499975574739908,6,1,7.835042840586694
MLTTR_0376,0.5269101573230702,0.6578466886950519,0.5678761337916021,1.992105928622387,4.384678179401584,10,1,8.000502911187157
MLTTR_0377,0.4319658615008509,0.6001824494276562,0.5616360333737009,5.776366465593051,4.711131936660629,1,1,7.711072854105039
MLTTR_0378,0.23909920066761173,0.06218712975999746,0.42816576454669697,4.571914535879154,6.238907543166708,6,1,6.757120328154477
MLTTR_0379,0.16352876027634772,0.8395339550196662,0.6759243644830212,5.268060945629815,4.803343777548425,7,1,8.303310129317953
MLTTR_0380,0.050162434392053645,0.40059918140073575,0.5261231247623729,5.767319685123657,6.672863467251923,9,1,6.520542374929688
MLTTR_0381,0.17121900565854375,0.556594081950132,0.6375774275978444,4.245949217322578,3.0104524521010303,1,0,6.4944964533111795
MLTTR_0382,0.019261948571888114,0.4458906030227899,0.33317528425335374,4.440016153903957,6.6584876113996065,9,0,6.8593137928255725
MLTTR_0383,0.43166807010171077,0.16968340158685608,0.5018849489594045,6.294652009282931,0.8741538902053705,1,1,5.836265926250089
MLTTR_0384,0.05826448844801668,0.19391730824103043,0.39616301899706724,4.764373237477248,6.035070566304312,8,1,5.803448523003869
MLTTR_0385,0.2381624487332533,0.6846344954650979,0.464642115219277,4.432272997289974,6.308478913936953,3,1,8.129490189815646
MLTTR_0386,0.2330178931108977,0.29617380126550463,0.43266059131526613,6.255355344849459,9.773933338960784,8,1,8.57148480425049
MLTTR_0387,0.2475988839650396,0.15541124180730906,0.5229436702282093,1.05394717073793,3.2948402357901907,6,0,5.7363634802415575
MLTTR_0388,0.30557875452614863,0.42660563507355304,0.35304639047667946,7.454677573220119,6.357525813529596,2,1,8.187971672050892
MLTTR_0389,0.3286030647573003,0.4559808678679474,0.47854138732261986,5.870700311277736,6.270133894137954,10,1,7.737458034016861
MLTTR_0390,0.08590271671127714,0.6774157800727678,0.4290755869108079,3.4665469475821147,3.231355836567932,8,1,5.875298016933831
MLTTR_0391,0.273910738826718,0.28188859606210576,0.5733310737599043,4.636756373876498,5.521778864756081,5,0,7.4747297614576125
MLTTR_0392,0.3655522004971529,0.41699688286703473,0.39925559980014785,7.428730351026422,3.4153339166730534,8,1,8.058375253709665
MLTTR_0393,0.15102926070188136,0.7020685841476098,0.437520364238203,6.087958242358742,2.803510462779467,6,1,5.5098881280902905
MLTTR_0394,0.3340495781978717,0.354203921461187,0.40376631913393213,1.4547068810963806,2.1428043301971647,3,1,5.494261527802821
MLTTR_0395,0.3484331751871123,0.8361358284619506,0.6757425273876575,2.973105887757869,4.607562452673752,1,1,8.404296380886702
MLTTR_0396,0.19388180266369598,0.15722637707222323,0.3383242012316475,5.353441335795413,3.012698723278903,2,0,5.798252234197593
MLTTR_0397,0.18031615559477407,0.4269749885823193,0.3751118481134053,8.537364999265723,1.0550904455022514,10,1,7.3273644592447935
MLTTR_0398,0.5373144121171631,0.77440278827687,0.6505061410060169,6.509358574651688,5.57044214288961,2,1,8.212370031920946
MLTTR_0399,0.4117211230660396,0.06063601387118411,0.44982380752438034,4.600275947806844,1.7409274445632654,4,0,4.9392807353592305
MLTTR_0400,0.38566460416883863,0.08949286452974747,0.6000066203694675,6.142256957533549,6.347624610555187,9,1,8.576027018394822
MLTTR_0401,0.05936494168303643,0.47625779276077995,0.3317099240012609,5.026118406247641,5.483453599790998,6,1,6.750571855335569
MLTTR_0402,0.2178731675690548,0.8970993436668135,0.3565111190154906,4.394148370119014,3.4354986151416083,7,1,7.773122163565019
MLTTR_0403,0.6061789863688236,0.09895477622654225,0.5412455004594312,5.752744167603246,1.976970175441576,9,1,8.141920328142179
MLTTR_0404,0.17862351329717882,0.6170058515023897,0.3660873725384199,0.7510548663518586,3.2701491905452413,5,0,6.500900405720194
MLTTR_0405,0.29801650704628563,0.6093171794588772,0.39676294648189625,7.003165725985893,2.4235520474752126,8,0,7.531499818473532
MLTTR_0406,0.0859556876825429,0.38335441818592736,0.4459302514924802,6.062473086724746,4.2829473167581,0,1,5.935221588184844
MLTTR_0407,0.24473015477771148,0.14280477996557955,0.5493763016372817,4.123804923689309,4.305087053956106,2,1,5.876850267810375
MLTTR_0408,0.39965132425038485,0.4337415292606613,0.3661591974351488,3.2999761524346676,9.757758463581109,9,1,7.738911158756335
MLTTR_0409,0.41463103588586825,0.7469119039234168,0.3260643266432103,2.6032314313164506,0.9856764956016759,3,1,6.81486900226942
MLTTR_0410,0.06732668918024616,0.6282943441964386,0.45644682924663216,5.538525636888099,3.8711360357754367,0,0,6.140721364509482
MLTTR_0411,0.19886371621168178,0.47396222337092014,0.5697734469536817,5.293137693547724,6.080125455898815,6,1,7.669395240772351
MLTTR_0412,0.2721604904280589,0.45736723729894424,0.6229956289768889,5.349348865987439,6.986215493654193,2,1,6.306914480844361
MLTTR_0413,0.48335565180383144,0.42740171534344396,0.5268578766167962,8.395083416702432,7.589252524009306,6,0,8.119634888263317
MLTTR_0414,0.5319006605238357,0.5224792653412492,0.4289888619747404,0.6311539692835879,3.1155603225022857,9,1,8.276712677181566
MLTTR_0415,0.22704654323953352,0.4618756229943618,0.6702560167529357,3.5690263662640325,6.555624681356738,10,1,7.526538971104475
MLTTR_0416,0.4342566448779157,0.3873854293540004,0.4252118842579174,3.464578997545685,0.0,5,1,6.347071191027303
MLTTR_0417,0.3450788591693286,0.5713720040685262,0.6070528004317521,6.879631336871217,4.572128472240831,5,0,6.895097865651405
MLTTR_0418,0.3680860063430794,0.29301981628456514,0.60457365590287,4.501049633463127,6.653595220608769,3,0,7.095077746813886
MLTTR_0419,0.31423165466279895,0.8922640047766414,0.564313005210704,3.1295173657898587,6.376161671827978,9,0,7.807182530998154
MLTTR_0420,0.06841048259807274,0.6406691892284665,0.5118937943032819,5.412212856451808,2.2811820872955275,5,1,6.461508943135838
MLTTR_0421,0.4356640949031785,0.49383863719798005,0.3836221700729543,5.805807735513183,3.3993588593314525,2,1,7.183850270442099
MLTTR_0422,0.09962008441166818,0.5762445935447035,0.5269989088501685,8.197726524144702,0.8330380514940607,6,0,6.149729606180815
MLTTR_0423,0.08827202793090053,0.286352280345866,0.3036597633509642,5.505037342119318,3.560630117544993,3,0,5.629273643834193
MLTTR_0424,0.4425555587659995,0.2691430733911632,0.68011803298559,4.128037782449977,2.3339245522425656,7,1,6.750553718832528
MLTTR_0425,0.22713342179184282,0.4591511634169295,0.5099351637527361,4.003566316316467,5.52727937974581,6,1,7.832227128830636
MLTTR_0426,0.10421437796468998,0.8227931096062219,0.49152735524680535,3.3886803915629384,3.5299527472884007,6,1,6.089727133855451
MLTTR_0427,0.3037558116960148,0.8367396574605092,0.679807635417023,5.96923814821959,6.15648578371875,9,1,8.821201906161303
MLTTR_0428,0.23451572039841428,0.6348784761579122,0.642078819456183,6.621982964002251,4.78007356918179,0,0,8.406374097122939
MLTTR_0429,0.10113409765364793,0.5797989092178049,0.4180287721980045,4.551652016127731,4.34745600519237,7,1,6.543090898939158
MLTTR_0430,0.3339798331623246,0.7761633026498944,0.6738106410494532,4.7325106219911035,8.414406107556127,1,1,8.203195685418489
MLTTR_0431,0.32411671614253706,0.5193076801916787,0.6650691812550308,7.736185415019529,7.258535154423387,0,1,7.798056816668272
MLTTR_0432,0.027598145808954953,0.22996151668898226,0.36742690883267004,5.200860361910568,2.4305685914355695,2,0,4.440473086841016
MLTTR_0433,0.05439466128764476,0.41392871308797946,0.47209159705092263,5.989358470664646,7.6775430062502,5,0,7.342559807054341
MLTTR_0434,0.0606251710910506,0.543524602190822,0.45446158466874653,2.8486712098754348,6.473415127127518,5,0,5.76292245896214
MLTTR_0435,0.24634070888890258,0.5417178096714973,0.5231016631564064,3.8006389123707525,7.570074053731913,9,0,7.843804381700244
MLTTR_0436,0.731967899639533,0.4666169429211804,0.5608873445903577,0.7630331448436047,5.8705253892236895,6,1,8.39597137919914
MLTTR_0437,0.3170879897736757,0.5463906215271901,0.4618855094087302,2.2894139580584927,1.5063143934857837,9,1,5.936609760250793
MLTTR_0438,0.39599439500542305,0.6165891141000113,0.5653812795040503,5.7314267760931825,4.264280792874375,8,0,7.307425798639428
MLTTR_0439,0.16309428695699024,0.3585980089199153,0.5487579108872511,7.473975527077167,0.2711220453078367,2,1,5.6573195775730065
MLTTR_0440,0.33522335822444416,0.6793254941018139,0.5000271374703402,4.471630093349203,2.2738003936379547,2,1,6.094329418446263
MLTTR_0441,0.3733894628677816,0.820556412936938,0.3109113901831422,2.6337519115738917,3.638214236488616,10,0,7.67250746676716
MLTTR_0442,0.5569954976166395,0.5479150670051189,0.4053571239412533,5.185645890533288,7.461637827323649,1,0,7.720021748665406
MLTTR_0443,0.15044410660232282,0.26734782123415773,0.4512351122666698,7.271317332925065,5.072360444096344,0,0,5.7902927312166375
MLTTR_0444,0.3301328444045053,0.20765499545913677,0.585874723101081,4.677157017798448,5.414574919222354,9,1,6.114797804905871
MLTTR_0445,0.3941413517948526,0.6563185596748312,0.4447317862742536,6.824546335256919,6.428309551467428,10,1,7.924649131698048
MLTTR_0446,0.6967699605882591,0.6307246533931954,0.40157478446053024,4.876372935343401,3.2306617609793373,6,1,8.5868233184633
MLTTR_0447,0.28461335006666966,0.8063503853061768,0.31655706601882094,2.5594060860870447,7.140593186494629,9,1,7.038132747797848
MLTTR_0448,0.09446095117871676,0.5315209149343217,0.5835422289911432,3.203003609114214,5.420995992576328,4,1,6.776293366942155
MLTTR_0449,0.5105329661493133,0.11338610203814556,0.447902640642959,4.493761684784237,3.1201537900160163,0,1,6.768670670230367
MLTTR_0450,0.13712230293843375,0.5957564517298052,0.5101747743641055,9.527426635336544,3.8733400255131514,0,1,7.750819921098608
MLTTR_0451,0.1923227735203,0.5551912319032736,0.6514026483638535,6.1617140767719025,4.515857616757993,9,1,6.729760060531121
MLTTR_0452,0.3068957510870934,0.40446589226187485,0.5630496686317832,4.529430780638246,6.17149058887262,2,0,6.322882952526253
MLTTR_0453,0.18733221668390274,0.5419129201953012,0.3980485921015635,5.577851234156207,7.761198810805157,3,1,7.475610657565405
MLTTR_0454,0.6779462117322428,0.6473511348588948,0.4117616276737479,5.423990707535531,4.388364756831219,8,1,8.136626006900677
MLTTR_0455,0.5223225162858541,0.7018767262332434,0.5491816270891431,4.124155033079614,4.553172630679712,10,1,7.907473997733048
MLTTR_0456,0.21912807521353067,0.5559211915464092,0.6317528944454556,4.793841768887944,8.496648275879544,5,1,7.637454446311803
MLTTR_0457,0.22167522224025787,0.09340589683524847,0.3723851047657832,4.497883914975118,10.0,10,1,7.347067903267926
MLTTR_0458,0.11015589631783743,0.18178169506313416,0.4668786685519516,6.474357132900867,8.503454413928567,0,0,5.233232067234097
MLTTR_0459,0.07601472979154607,0.32873481803334825,0.38261813691800706,8.096261293368183,5.363642654007054,10,1,7.9249719237323255
MLTTR_0460,0.19405839707227648,0.39354409386899475,0.3475622260358451,7.6365665329068,4.2878589833066885,5,1,7.332886923550131
MLTTR_0461,0.15354122532388353,0.3342400739892337,0.577266157326908,4.371130472755506,6.319918253227671,4,1,5.847894934705589
MLTTR_0462,0.3157951551093166,0.31508213677625413,0.4613847289984947,6.101047743767107,5.5809139723013175,4,1,7.747969446535524
MLTTR_0463,0.33200844101562743,0.8279109251103723,0.4644793205381806,3.56639235314777,3.442384978113548,7,1,6.07735293976639
MLTTR_0464,0.351452633257463,0.701680482437498,0.6371083564331029,2.8362651937443113,7.639597441837573,8,1,7.404113815787579
MLTTR_0465,0.25521348221276463,0.31512791113586985,0.30561673404849726,5.153751548054022,9.9403041605084,10,1,7.902802626423479
MLTTR_0466,0.7097796384922225,0.5512276455747691,0.3914439070296798,6.211489451254841,3.3436546787715953,1,1,8.644977158658323
MLTTR_0467,0.2009758318011649,0.4095261733667929,0.32160362643034013,4.879508236451471,3.446892023771916,10,0,5.339634022087601
MLTTR_0468,0.09769726783435673,0.37553465792324087,0.30795186172981776,6.645942771173193,3.9964757539056825,4,1,4.674198416525992
MLTTR_0469,0.14665871391847574,0.5311223157895888,0.512228663562598,6.646801623220613,2.5188117076183674,9,1,6.811412658315914
MLTTR_0470,0.5716455356132245,0.713712791534924,0.4293356258460779,6.506097659380572,6.576298232460969,10,1,8.665309299710813
MLTTR_0471,0.5140456631733714,0.14809035479957727,0.5717748951861863,4.698824412382793,2.175801636803609,8,1,6.98808139831667
MLTTR_0472,0.19449975420480656,0.6972330258464098,0.3768412058379486,2.3059169238355253,6.2908452724818655,7,1,6.730824960946314
MLTTR_0473,0.3942663535526899,0.47167157070040105,0.3518099306909332,8.576658727610582,5.762509597659774,7,0,8.772257490670386
MLTTR_0474,0.2521041374346618,0.45578578550972715,0.5937893492604764,4.059991976954912,6.449399068440196,7,1,6.976380423313531
MLTTR_0475,0.3087277780286708,0.6659320907927718,0.32043901780141515,6.45689215117382,2.0883143777329702,2,1,5.499084818463731
MLTTR_0476,0.2659946174551517,0.49911522628189225,0.5203963655067336,5.969183344237937,5.274620485205445,4,1,6.909226505613756
MLTTR_0477,0.5050097256512133,0.4417441653167655,0.3209149531863341,4.3176020542870175,5.524870958441961,5,1,8.420872737690097
MLTTR_0478,0.5880143326134447,0.7172146062704625,0.6736178275177246,8.627568765203524,6.721212321832372,2,1,9.005243495147829
MLTTR_0479,0.3115807103325775,0.9006024424784634,0.6567043549886533,6.342031651940051,5.724487687198482,0,0,8.314637992303632
MLTTR_0480,0.21397563182423707,0.36741849664789344,0.32251052277437253,4.978001680539839,3.8490316927741812,1,1,5.24164573461581
MLTTR_0481,0.15482882806566114,0.691348220646073,0.67712913965691,4.177799462080992,7.22569952898616,3,1,7.309868286442886
MLTTR_0482,0.21120736012716765,0.349303605171033,0.5220735733582246,3.086719732085701,7.703921687917956,3,0,7.851010749296275
MLTTR_0483,0.3155426640936727,0.06377237717740518,0.5958032259449261,2.495852837663941,7.639270085514983,10,1,6.824505204780706
MLTTR_0484,0.09092052570583836,0.48338456210898545,0.6373202821760666,6.137532387759481,3.529100635330874,4,1,7.55321209565583
MLTTR_0485,0.20742800785102697,0.14071138187125656,0.4811673000837007,4.131509460968457,6.024661992651007,0,1,5.2212810024083325
MLTTR_0486,0.18975984619537356,0.3003335601095625,0.4832654308163832,4.10710296288223,3.1987897816372612,4,1,6.728743815450834
MLTTR_0487,0.2609468141756336,0.47220680733802,0.4336390349430932,6.006532960525721,4.655027198813971,1,1,7.102389514962088
MLTTR_0488,0.37093533409749213,0.8690662500737474,0.5455202778737767,4.315812073181144,6.469089681203502,9,1,9.201352510356456
MLTTR_0489,0.5439593860120151,0.24459586136793524,0.31254838338754465,6.296158040615976,2.1765172936664965,0,0,6.1939838757576755
MLTTR_0490,0.6248456740624654,0.613737169091052,0.5735452037200599,3.737040034781356,10.0,4,1,8.311248513870128
MLTTR_0491,0.18892351985380937,0.5188568300416206,0.5929910943076295,3.9759363503372986,7.396100934066574,3,1,6.80505582713208
MLTTR_0492,0.13948246401814784,0.7925051972548623,0.5765787408491557,6.823112812330475,3.483151271531244,7,1,6.167452493379001
MLTTR_0493,0.3970281093396191,0.8989870393475478,0.5478085301030309,3.655877036724581,3.873046492561091,9,1,8.330085816869234
MLTTR_0494,0.11553865883719533,0.7025775042460236,0.42875385941390093,6.214685553224403,4.843746243939299,1,1,5.99171397254063
MLTTR_0495,0.22433554190803853,0.8118344576104392,0.5729046811578774,6.006524950047195,4.713157511755286,10,1,7.912307643395854
MLTTR_0496,0.48047823492127323,0.21977472655400085,0.45430976920030397,5.020071527630329,2.6111576823672373,4,0,5.731331429894618
MLTTR_0497,0.13143627253810605,0.20445503118366942,0.5572508980999544,1.7293690937480144,4.727238375765994,4,0,4.6266498305623225
MLTTR_0498,0.03186479325680209,0.42374901465845666,0.40064301700079796,2.411859707962727,1.9509959614423975,10,0,4.084297234186557
MLTTR_0499,0.12517794133381552,0.5284803748514079,0.4059774767529169,2.8381788550596467,3.775091748744308,5,1,5.72627106632679
MLTTR_0500,0.17489407360482723,0.32195436911993064,0.5603699552799148,2.4564329931674194,8.513894564661815,1,1,6.727274050213685
MLTTR_0501,0.06671248086434352,0.4644909817186877,0.3687940945019428,6.709875305643137,4.86450701237377,8,1,5.757991173292482
MLTTR_0502,0.28793984357814184,0.17258205322404527,0.6336242115125901,3.2809509980661664,4.227496136108523,1,1,4.960472963196093
MLTTR_0503,0.07440652343027021,0.6479393751418399,0.6280946153657858,2.5489601001802793,8.083965969744893,6,1,7.069577820922832
MLTTR_0504,0.036914174189749745,0.4178313953310292,0.5209051649628016,4.000266220258757,5.6173743135650955,0,1,4.510581274054099
MLTTR_0505,0.37453342477559615,0.8999351612091996,0.4038049579949603,4.809899220755754,6.222464163716465,6,1,7.98318185887147
MLTTR_0506,0.44483576822777887,0.6120133982257165,0.4374053423781371,1.7026442919359779,3.866058710581526,0,0,7.674376083596534
MLTTR_0507,0.6354290624898176,0.5624959289036237,0.35942194824467777,6.197758228453598,7.150908376220867,6,1,8.679016344471231
MLTTR_0508,0.12592091782433,0.8242201569023397,0.5983187851793079,6.430742675265928,4.341650110787518,1,1,6.571170113128968
MLTTR_0509,0.18433881862035242,0.29115128585924344,0.6824741776102252,3.823747501288258,6.716672838476456,0,1,6.517224246915261
MLTTR_0510,0.35958437727201353,0.3295759446086558,0.34702532098969535,6.5978247481246335,6.257470429064282,0,1,6.672135104272113
MLTTR_0511,0.10153064332631775,0.2532572115348891,0.32880423311161994,1.9287752277008425,8.398409508162603,7,0,5.599394418274042
MLTTR_0512,0.33611589921772195,0.5638532508182773,0.4735280735413857,3.909750395717732,6.953374493524484,1,1,6.893059537233504
MLTTR_0513,0.36158337616992764,0.5970025776043056,0.6886735342967528,4.6770057579979,4.957543413725118,2,0,8.175442971667794
MLTTR_0514,0.07040782067880162,0.7581628617925517,0.38294199187018046,5.13869918337707,2.902576395257678,4,1,7.013432516692761
MLTTR_0515,0.19432702062591778,0.3348066656724593,0.381951874140486,7.26777761423315,4.397596604191679,1,0,5.490646735245981
MLTTR_0516,0.23195485603903132,0.5889185236554784,0.46026775312326307,4.348458420058088,3.6285969547886268,7,0,6.375333349128771
MLTTR_0517,0.3764424334146731,0.3777527579591278,0.4340662449115068,3.0047628175324936,8.012544757854911,0,1,7.26481846562453
MLTTR_0518,0.3791244322094244,0.15115629260040475,0.40631727947135904,5.423444683433155,4.112773722859955,8,1,6.62330956405426
MLTTR_0519,0.14514265253666536,0.24966470432607013,0.5299086778713498,5.305657260449513,0.46626261047566686,8,1,5.492948344845117
MLTTR_0520,0.09040901553599748,0.6463974703371131,0.34329274835348694,5.882392913495202,5.747043999569062,6,0,6.8490171467407555
MLTTR_0521,0.4945734445785048,0.8521952470952268,0.335953943261231,4.34035687375167,6.599834603671891,8,1,8.557901762292175
MLTTR_0522,0.8201988933364384,0.29976206953206935,0.49683421954210616,5.339306888552578,3.179983723034922,1,1,7.429436601648023
MLTTR_0523,0.2731851027916772,0.6025172961105913,0.6790947442166714,3.872898699902257,6.406332193134958,5,1,8.220056952869719
MLTTR_0524,0.3606559422636229,0.6397229149865241,0.3785276216485569,6.108901862671167,2.378837954998463,9,1,7.223687824562283
MLTTR_0525,0.33433012767523035,0.2961709015709141,0.3914309819164963,3.693624690794712,5.473638875303995,8,1,6.835892627898409
MLTTR_0526,0.24646483157849938,0.5646740627074865,0.3903775246531007,3.77568365763286,4.673632233424393,7,1,5.796621418008925
MLTTR_0527,0.5020742331086506,0.3198733780837525,0.3337348286045702,7.297530343128902,5.609399581298939,1,1,7.388944914500809
MLTTR_0528,0.30702692423963107,0.04977111051246345,0.3390805153641359,3.4986177430478382,5.826439449674153,9,0,6.868653786850808
MLTTR_0529,0.33970579347322344,0.8357329394131747,0.4275169306602843,5.004740409201585,3.658649484055374,3,1,8.198663337842289
MLTTR_0530,0.19657487795469708,0.4067846637127502,0.4143337665858362,6.1162420316820185,6.586274221197087,8,0,8.225050985207469
MLTTR_0531,0.03173720751112761,0.7557885255017723,0.5350561198640914,4.371066191233027,3.999661545738033,1,0,6.653732387468825
MLTTR_0532,0.24405927706299216,0.48944491907943244,0.36543669467385587,6.77942204799545,5.225413778943745,2,0,6.388681878504823
MLTTR_0533,0.30572568351097795,0.5834772238423996,0.6639691493839824,3.853792023308798,7.801217722964516,6,1,8.559611171335826
MLTTR_0534,0.2431420056080917,0.5593053131051086,0.5277338402174954,7.007760119377172,3.1656929646735255,10,1,8.549755624807114
MLTTR_0535,0.16718417863662216,0.7351047997792116,0.6214702582928938,1.9296846820679852,5.137348650641634,6,1,6.6313564195700465
MLTTR_0536,0.0746875900132378,0.3289964057900208,0.3508281875269859,2.333601331211238,8.15813507629925,8,1,5.642110436624784
MLTTR_0537,0.2877617931275344,0.8340397381108373,0.6266391293722804,5.1282606139537075,7.484517398055782,2,1,7.941020850434834
MLTTR_0538,0.6031762513526082,0.8510693877749727,0.46307649506523474,7.8111152790132135,3.6416992719957717,3,1,9.424626660411308
MLTTR_0539,0.3202056791297068,0.20079642196745545,0.43236281579331054,8.170438031984324,3.762007586833447,7,1,7.111683622855296
MLTTR_0540,0.1734301013129569,0.2995295094643567,0.651567769116757,3.304893098529517,6.077133729141478,8,1,6.9093914052241985
MLTTR_0541,0.5077582637816437,0.5770073049194052,0.47603957049893353,4.937767798635084,3.6924430474106096,10,1,8.378253257705673
MLTTR_0542,0.19029737676030017,0.30232347978079416,0.41736911596422144,4.0283882243105795,5.135328843191322,4,0,4.7929829023316985
MLTTR_0543,0.26026334089242115,0.6147789110870209,0.4601704532727523,0.779898228227859,2.2809207434188146,8,1,5.166653969818528
MLTTR_0544,0.23424810799179763,0.4614597558105072,0.5361650527809119,6.421284338016959,6.248036491169782,1,0,7.299877218729421
MLTTR_0545,0.14716143462625209,0.43140961833147007,0.39690317017294524,4.257088387637163,1.8039599727564322,6,1,5.98608530876822
MLTTR_0546,0.19986604409540681,0.6352249309311325,0.5009875480530955,7.691232507470359,5.25382926616771,6,1,7.8965083638810345
MLTTR_0547,0.514791506678047,0.0649602630540204,0.4312203344679029,5.54361665204797,6.379412059242694,0,1,7.073487785123256
MLTTR_0548,0.5393358174263434,0.3803736568067913,0.3510192137193988,3.950440632049612,3.660754905336548,10,1,7.0251328214355055
MLTTR_0549,0.521455982192656,0.30712754268152664,0.3114925186840327,3.6354863993733337,1.870665481448286,8,1,7.5607012079329206
MLTTR_0550,0.12738197187700764,0.5734288558774947,0.6294110307786878,4.6253450444745585,2.4645357586152175,7,1,6.323008939510906
MLTTR_0551,0.5030850845148499,0.12870775790647085,0.6591275630535925,5.889773194224575,1.1844485823285948,10,0,8.023924885879454
MLTTR_0552,0.13045245055970606,0.45189558599847846,0.41378551189225293,4.031865783641346,8.544294856987632,10,1,6.7781920505019455
MLTTR_0553,0.6001428395077102,0.6115469203504579,0.6054961737894554,10.0,1.1616312664435444,9,1,9.195420762198067
MLTTR_0554,0.48059063024523857,0.8708368134158591,0.46299493062633323,5.405103997976741,2.427103039441344,2,0,8.671728014341106
MLTTR_0555,0.30198678329492856,0.26404704565515774,0.44025483553283085,2.760173404653994,5.639149178128436,8,0,5.93335712386975
MLTTR_0556,0.3360356338701165,0.32749720567824286,0.4146962064394496,5.154772571998609,5.0865272954036005,5,1,7.585087128961261
MLTTR_0557,0.3526426135883414,0.35566175177192105,0.43195218005056063,7.248220538821215,7.032479384158773,10,1,8.687407858208559
MLTTR_0558,0.14766370390049832,0.5980114125872666,0.44182757049761157,5.8407116098635,7.604702746273087,3,1,8.128948810296004
MLTTR_0559,0.6508390426794634,0.4076765479151089,0.3472907031864942,4.344402794706769,5.882087632478108,7,1,8.102075615248493
MLTTR_0560,0.28745289927747714,0.7522721290447171,0.62920132207267,3.6913729380500584,4.85978963185858,10,0,8.674569698316091
MLTTR_0561,0.21346939450925445,0.4251966626389646,0.46964416554515065,3.442262239081902,3.866199189303396,9,1,6.903714434376844
MLTTR_0562,0.14173826274858495,0.7445177016634255,0.37713019582835533,2.666066100305833,4.622819594698433,1,0,4.979529512407442
MLTTR_0563,0.3881298559157831,0.11783295037610884,0.46484445027528865,3.9814563872315754,6.87094920240144,1,1,6.472262272314213
MLTTR_0564,0.06541219985931528,0.14553169395811127,0.49064549644775757,5.512323780967717,6.205001652072287,0,1,5.9191000855556375
MLTTR_0565,0.45206920512672233,0.46753904399335217,0.5999217685319028,3.882784856395128,6.233376029419947,4,1,6.916299000892632
MLTTR_0566,0.11340732711150625,0.8485113476065678,0.3648441358095799,8.196283385388634,1.6465435914272262,5,0,6.808987529523426
MLTTR_0567,0.13373459012167377,0.252563253313657,0.4998212483916283,5.737988439794832,3.4629533971426927,7,0,6.1661477928603965
MLTTR_0568,0.2512113888122255,0.36990040834944565,0.6058497984673539,4.1234422806540625,3.6181768461185575,4,1,7.378996838655173
MLTTR_0569,0.12720551577344463,0.5510570711763558,0.6256333387907398,4.931329461128458,3.905490514223808,10,1,6.3649406254291385
MLTTR_0570,0.5045934671743002,0.5306354406832108,0.36041839150569044,7.880653482993286,2.8764640517670146,2,1,8.246472260312768
MLTTR_0571,0.34255250627825135,0.5179433634078175,0.44590653198441876,1.6434453348890599,6.345920512913108,5,0,7.626699856221589
MLTTR_0572,0.18900686724535956,0.35792062511928413,0.5809259480209696,5.4620515003808885,7.101162762017443,10,1,7.150807262369965
MLTTR_0573,0.24056181849641772,0.6701136889826859,0.43541121846613307,10.0,8.61371816190413,5,1,8.830811381655653
MLTTR_0574,0.26397752458365237,0.48272306491769545,0.5641487845777642,6.966809255492382,3.9412184830502586,3,1,7.031685661837168
MLTTR_0575,0.28886750298662617,0.1619659408947018,0.4049713148974605,3.2161214476270628,4.787794069617425,2,1,5.020644766651321
MLTTR_0576,0.028475457106310713,0.6585920530691973,0.4294957536941744,5.241340285186408,5.175616549057765,2,0,7.292829343902501
MLTTR_0577,0.21664860152631074,0.11518263617969585,0.32988754691558425,4.532495602584698,4.973629199820391,3,0,4.944463409947511
MLTTR_0578,0.11662527242293289,0.29217287215835724,0.5571521669736501,10.0,3.3162100496866644,7,1,7.0402678976729165
MLTTR_0579,0.4011103491633167,0.7363990154174641,0.4174164495118354,3.673650192098617,6.582739635700495,5,0,7.026146571554843
MLTTR_0580,0.3100422650253689,0.9283019434841662,0.3347088144068456,4.459207115757197,0.955512644976289,10,1,7.2417350265838465
MLTTR_0581,0.17197058875763152,0.4827068317456931,0.40492641605608554,4.345253201650898,4.029216857108277,5,1,6.9956494547043055
MLTTR_0582,0.42442987545058586,0.6299003594334853,0.3720096969242243,2.1924563413240388,1.188514489764469,4,0,6.03261956301195
MLTTR_0583,0.5378050805361635,0.7556517873017898,0.4495751847952254,0.0,6.243361577475154,2,1,7.061540745547819
MLTTR_0584,0.07072922624774362,0.8924430584066751,0.681772914147187,4.528112909296073,2.2100639739971113,8,1,6.610341625622043
MLTTR_0585,0.38539792229503195,0.10285724170626272,0.6675614447598562,6.008358827316944,2.6807020192343547,3,0,7.182831091550764
MLTTR_0586,0.05043154875871083,0.2161975199014837,0.6354079550573244,4.143531299536106,4.962270817459963,0,0,4.655715015427548
MLTTR_0587,0.5042266894064347,0.8030377491221223,0.6202200614889012,5.9684722007444435,2.9081342808101738,8,0,7.994010473870446
MLTTR_0588,0.22116373078561566,0.7737562857697343,0.662151971341193,6.476896655167552,5.487968560641272,9,1,7.591012338716279
MLTTR_0589,0.33468890686259195,0.3160784223109798,0.3676225220962137,6.369010323984779,4.214714324525831,8,1,7.028675464109997
MLTTR_0590,0.5355854396040851,0.8786130104480302,0.499349535520472,1.6542344952295482,8.908022319089685,5,1,7.708471153939819
MLTTR_0591,0.42275366012007154,0.8172527946431145,0.6141947315633633,7.964142379872902,2.553374923150153,1,1,6.723955349771409
MLTTR_0592,0.281760424757835,0.6575546489839933,0.6759702020308427,6.686564980790231,3.356992205036727,7,1,8.649438643122856
MLTTR_0593,0.26438581877170025,0.2849849841394341,0.5443181945540555,6.575942742828021,6.13096136778269,1,1,7.114089665111642
MLTTR_0594,0.2583680744713651,0.6863256659425467,0.3540003256183329,5.015273840171887,5.227688224537825,5,1,6.997334950963255
MLTTR_0595,0.25726210509844016,0.8421135502285563,0.43906167617063324,4.989597361664266,5.884040164821832,5,1,7.1273851728394915
MLTTR_0596,0.33227133559979855,0.5193725463475866,0.37529773986671827,3.928467048906934,4.409600103379658,0,1,6.9235259888880964
MLTTR_0597,0.07904854405036883,0.22306831847448808,0.6063937950418423,5.822482615858998,6.888505918637007,4,1,6.2085605386817955
MLTTR_0598,0.11825250853232445,0.544952073585904,0.6217101443965125,6.81316047433191,5.68646821338301,4,1,6.785726862078055
MLTTR_0599,0.2662856583340538,0.6356837958053279,0.4584025366038971,3.8724513206411895,7.635465730757662,4,1,7.256856661574969
MLTTR_0600,0.40364638339720815,0.14223968597170944,0.3002816147334394,6.6063685327242085,2.281379575296978,1,1,6.7672884780340254
MLTTR_0601,0.31422148483768064,0.06873131791654231,0.6692874726303006,4.078489902231049,5.500376944546647,5,1,5.3139020782712025
MLTTR_0602,0.29977051795394477,0.5232056369675544,0.6519216736843045,6.163575312514754,4.546877083902396,1,1,6.399909854791434
MLTTR_0603,0.1910253480704733,0.6465226988554962,0.6718164436073654,4.709918160840606,5.793561414806449,6,1,7.92730897122854
MLTTR_0604,0.1800357952607114,0.7103467134290008,0.5987513639717243,6.6880761134911975,3.1113928021172845,9,1,7.084854528703618
MLTTR_0605,0.14454707090345822,0.6324536714011533,0.6957822868882227,8.791497077205925,6.615542924862975,4,1,7.6787924454920855
MLTTR_0606,0.2759652579971949,0.5329620862870187,0.4091919379583653,5.442739250377282,2.326745737006658,3,1,5.763072614555178
MLTTR_0607,0.5200625382967666,0.49965823224742806,0.3505079316969152,4.028450460008276,6.769738499033305,5,1,6.99263228262365
MLTTR_0608,0.31167688999364535,0.7742327044221549,0.6332735021154825,4.156387201471823,6.090885231088778,9,0,8.054264409994133
MLTTR_0609,0.27437767330211404,0.46344310873849237,0.6256979169542893,6.224139568349121,1.3899372884903545,7,0,7.505194135103315
MLTTR_0610,0.20126672447892174,0.5789057302293744,0.4065627768339423,4.022771815284437,5.791971229830734,8,1,6.749182054731333
MLTTR_0611,0.48000928898934186,0.6691512769527163,0.5399665574662115,6.924942784386595,1.1139686099954922,3,1,7.164852929059968
MLTTR_0612,0.24775036379204146,0.275446619350505,0.33708639136996454,5.583973486329026,6.12631076247613,7,1,6.924585961696537
MLTTR_0613,0.08736227477654235,0.14565835347518552,0.3590177608146299,6.780812922633409,1.7849779380116249,7,1,5.730778923184716
MLTTR_0614,0.47660743691770996,0.7915399180305415,0.688465509279888,3.9115946581560834,4.854836013034591,5,1,8.329296952802876
MLTTR_0615,0.28513096640971597,0.38707045206757423,0.6489103584431491,3.1149394366278176,4.455809774284591,8,1,6.4123134310442795
MLTTR_0616,0.35858939551849,0.29940038444190775,0.36935851253887125,3.5326062158551244,1.7408262713349925,0,0,5.6906627868151745
MLTTR_0617,0.4109584704465606,0.5447543472362939,0.5611637501927876,5.782159966289298,1.2821300663728534,0,0,6.637002443286783
MLTTR_0618,0.19653215174101415,0.5499832450545336,0.5844161094241376,3.452625877037523,5.998997081943388,8,1,6.2053823940065245
MLTTR_0619,0.20957208542822503,0.37604847600498414,0.5120682608821702,6.367722889269998,4.030211207434665,10,0,5.976826951246651
MLTTR_0620,0.4166290462185344,0.530108482559724,0.500484248269933,0.9488840153026503,7.175036844674553,0,1,7.564970602334115
MLTTR_0621,0.2573042130552488,0.5392414308114392,0.5723319352154541,3.688579631758936,4.902468638007168,9,1,6.626564206271635
MLTTR_0622,0.2793828726742806,0.41818639476972613,0.3106565457763347,4.676454595967984,10.0,4,1,7.712028926807611
MLTTR_0623,0.298588572937652,0.5323136795078871,0.6857552831547837,1.400014627347026,5.351631732979635,2,0,6.602308023142182
MLTTR_0624,0.5504148623259285,0.4296752706676389,0.5438437530445175,3.797175435195634,8.537547561041508,9,1,7.878859732621997
MLTTR_0625,0.19605110698549205,0.35969903393802166,0.4908368574454152,2.052595776889366,5.704481266953223,10,1,6.53931725985432
MLTTR_0626,0.030241899991890035,0.9564226986696653,0.41230559568914216,4.862605835866591,5.1741491342268136,8,1,6.90626974002583
MLTTR_0627,0.019026920300526995,0.1274953989037381,0.4093097581056101,4.5256163060375165,6.0899651117431235,8,1,5.151094632509244
MLTTR_0628,0.6179401003145195,0.5838565007337921,0.5467705315150607,6.464282697596275,3.49166463287046,6,1,8.102033412234816
MLTTR_0629,0.2769735922279104,0.466911101656407,0.37708585025397084,3.3453423609436865,3.7144632840094225,3,1,5.552532475676744
MLTTR_0630,0.06170145828896971,0.5570914892385889,0.5803183879978637,1.7935579400940145,8.326904142244656,6,0,6.405426625247776
MLTTR_0631,0.4811978110170228,0.5182517744500112,0.33426698640679114,3.9307949011455134,4.629347583680547,3,1,6.880351478409238
MLTTR_0632,0.12552306889607728,0.4114497370417287,0.4545202983869564,5.259317653985598,2.7076414976610854,10,0,5.557772796746957
MLTTR_0633,0.46975145202526725,0.9161918498009322,0.4131211570078958,5.1892700191147885,6.041764981001551,4,1,9.17306165341104
MLTTR_0634,0.1120508231429409,0.7602232192213004,0.300816913228686,5.335603272876282,3.3392550084437014,8,0,6.258880799083425
MLTTR_0635,0.1272774300515047,0.3460265695001411,0.5784393445236038,7.4081711533928605,5.179240593190042,10,1,8.27798290496314
MLTTR_0636,0.17887693801106241,0.8810086613539135,0.6554133571938656,4.304135614852065,7.302063052033523,5,1,8.08517100705016
MLTTR_0637,0.19988065519289877,0.15473274661578368,0.45524394132105545,4.587714253834784,7.620285529595456,6,0,6.407842774683348
MLTTR_0638,0.3266259669998729,0.6526822629376439,0.3962784803333715,3.340463220434887,8.682997864621877,4,1,7.498248387009719
MLTTR_0639,0.1345152085697799,0.7073582726896162,0.5626443618398134,3.838073686904411,7.3839889507838805,1,0,7.385585473081428
MLTTR_0640,0.46065579618086333,0.353473681499599,0.34532348680699665,7.063156228155028,6.353582718255143,1,1,7.86465385263882
MLTTR_0641,0.2845286754565702,0.5265230486048422,0.6405708271901348,5.718734343666972,6.1383516460374254,8,1,7.573356016841159
MLTTR_0642,0.49652440467206704,0.2875637952837123,0.5022604990123881,0.0,5.640880062311349,9,1,6.560201676061536
MLTTR_0643,0.3343093947683458,0.3572790597106909,0.5724017699176982,7.384596571901987,4.971439496814571,8,1,8.863814126097985
MLTTR_0644,0.4138383342944535,0.46232042705105586,0.4225267552070789,1.0851182500158227,9.610567269245504,8,1,6.635186001594213
MLTTR_0645,0.18350021103351938,0.8404546848580723,0.5107270545309793,4.198747112141362,4.90038830457466,10,1,8.006082958327188
MLTTR_0646,0.4117106349536074,0.37835530118026794,0.5264992676757836,6.923535681917931,8.414754504963993,7,1,9.07162072175403
MLTTR_0647,0.3108185988231435,0.47385206262331336,0.5484449850299769,5.266275794865992,4.822833536619603,8,1,7.757302944417067
MLTTR_0648,0.05797211752349791,0.1103223968411139,0.6163735738632363,6.109486794920405,7.4960681923273835,9,0,7.593579404759544
MLTTR_0649,0.09662196157907148,0.35362863434993047,0.47244447023666314,6.721397324162746,0.0,5,1,5.030647333042949
MLTTR_0650,0.11840637521546928,0.43817497437087843,0.4726243256584529,5.598335268303768,5.374975811013283,0,0,6.292915015944611
MLTTR_0651,0.28121058726439346,0.16745147626912749,0.47126712165522333,2.533799854311988,3.8173183578026144,1,0,5.735491156942924
MLTTR_0652,0.37857937227027666,0.2683369894918029,0.31581961617938176,5.737846349818539,8.232798246639051,1,1,6.613702070505403
MLTTR_0653,0.1131924329492417,0.7610964550863929,0.4482942054836054,3.6368847666499082,8.093967112910157,4,1,6.7259594795401485
MLTTR_0654,0.3290217788288131,0.2641493806656333,0.6708958038468418,0.2478137331537802,3.8255061256742815,6,0,6.468478879643911
MLTTR_0655,0.44957811324426705,0.6670967857353012,0.5720287404767419,4.4359767508240875,4.931951227116965,4,1,7.330001779267766
MLTTR_0656,0.15460794644451153,0.42122914915625914,0.4495038139574542,6.0928384220799,6.95022613463012,10,0,7.863544376718786
MLTTR_0657,0.201431909734739,0.796496742300732,0.627758194422312,5.24818270007047,5.704137558694868,4,1,8.508870211503337
MLTTR_0658,0.5502024583104833,0.7162094075405934,0.4095855857260496,5.028947086073666,5.298133799893592,10,1,7.83390610429146
MLTTR_0659,0.4025820987400308,0.1297423406385805,0.4664580057138032,8.437938330897964,7.066688122734257,9,1,7.794752119983136
MLTTR_0660,0.0482894241093922,0.3329744115462791,0.4158769167914187,5.550654960784082,2.4837219636246775,7,0,6.159516787746356
MLTTR_0661,0.37223099205785143,0.8181263242474536,0.4631206648710381,6.814805330951304,8.351565699908264,0,1,8.005709627583737
MLTTR_0662,0.3257344322589374,0.5201733963484544,0.35580003040800534,5.660765265446669,6.024557697801529,1,0,7.484810497302536
MLTTR_0663,0.48370080089830836,0.2394912152122908,0.5292645713802091,8.25682511144018,0.0,9,1,8.135253528276472
MLTTR_0664,0.5923679600666518,0.8695779216157856,0.3563682023040189,4.28894413575925,3.2987764106078683,6,1,8.001986491938744
MLTTR_0665,0.6211597860102577,0.3537932358738954,0.48112765569712557,7.3407571145322486,4.976357834335157,0,1,8.189561418426143
MLTTR_0666,0.08569394027430553,0.5492669228389463,0.6045392295319572,8.604993549695092,9.69958522441092,6,1,7.927941620054024
MLTTR_0667,0.46345473304937584,0.6942713713663211,0.658551439240507,4.281897039523447,5.129295194192958,0,1,7.965453338378636
MLTTR_0668,0.4494759760154946,0.7089117550804755,0.564244002023295,7.081838813605788,2.1304482538539298,8,1,8.469021341066663
MLTTR_0669,0.24023854300732664,0.44037015238788924,0.45258073370844387,2.3485184365305853,7.8945507505636705,5,1,7.5467871723674
MLTTR_0670,0.22815185371049257,0.5865685075478091,0.38130079424551366,5.643789941868559,5.962871390682798,10,1,8.034016208599999
MLTTR_0671,0.19279456349632154,0.7694480552179687,0.41201834243130975,6.471807107091522,5.1568461024898395,7,1,7.483197416873614
MLTTR_0672,0.1890359811085612,0.2952711775166792,0.4086218539598636,3.3843131403148865,7.278256560565444,8,0,7.33158823777025
MLTTR_0673,0.20230511323280528,0.6118991582324154,0.5659417644931767,1.4875664973592975,4.4001926646420975,0,1,6.09125562172136
MLTTR_0674,0.14952464150286518,0.30477339553953,0.6071742909547244,5.1208195587088605,4.956074219761233,5,1,6.672424007956985
MLTTR_0675,0.3775325115157809,0.5113268251758749,0.3571102515450403,4.378274710794125,7.2006196323149965,5,1,7.554928537338833
MLTTR_0676,0.2190065568286882,0.7788714129414892,0.48173905881610835,5.392047452688508,6.080610678023977,8,1,9.359655611083214
MLTTR_0677,0.2756891868453672,0.5858689221186549,0.6031966506297011,5.6048670873289606,7.149429371938192,4,1,7.506400852932525
MLTTR_0678,0.09844119565172234,0.5272573939484556,0.5791917271316693,6.670425097767538,4.465434490005927,3,0,6.909289487029332
MLTTR_0679,0.13792343594755774,0.30151708924646226,0.34336829670878416,8.110714789649789,8.585404308235187,1,1,8.716019184435336
MLTTR_0680,0.5561977536480265,0.23226184081085574,0.5295438599543145,5.882569266442321,2.3586352399670654,5,1,7.492381745899088
MLTTR_0681,0.4732183907922309,0.5682518112922685,0.6738884192251917,2.0158340142801223,2.456070856686611,3,1,7.559827706596651
MLTTR_0682,0.1027726854650904,0.6324150555389825,0.6430064290249731,6.359527918805847,6.226240911620019,5,1,6.390857026815967
MLTTR_0683,0.21227968072944467,0.7998524578137087,0.3947570576495316,5.801952484325647,4.601309952567575,2,1,7.85215366316934
MLTTR_0684,0.4619316475561147,0.41691494962015396,0.6363295699262571,5.32293294052047,5.627666376314635,4,1,8.1303318811428
MLTTR_0685,0.16973459903834104,0.44613091277808636,0.6936358930005739,8.1590376776834,5.302964967788013,2,1,8.2641639316589
MLTTR_0686,0.4122125192624617,0.22253056433122634,0.6736898970193548,5.559121021420954,4.918703741446291,10,0,8.257667251382108
MLTTR_0687,0.2414946136674064,0.577902396302682,0.6474022948486655,4.334681932976728,3.101595850384771,7,0,7.653604794049435
MLTTR_0688,0.10483186297102487,0.6488760557927125,0.3482930167735592,5.956268029433061,5.847834906545525,3,1,7.336288324941771
MLTTR_0689,0.184972716964457,0.5917753468352964,0.47392606869947074,1.8895075556141951,7.863180639061406,7,1,7.494062666897622
MLTTR_0690,0.33887544396778135,0.6806081375679293,0.563382967838703,6.929028514270609,3.5560963750117205,7,1,8.011328405673744
MLTTR_0691,0.4576124237743355,0.2516698172708156,0.6473899591550992,5.164347427387585,9.031380767212637,6,1,8.169830436816518
MLTTR_0692,0.22493298556947625,0.485075763204556,0.6322700281624256,8.375396784727442,8.38665740697191,2,1,8.035096847743613
MLTTR_0693,0.5879783752754566,0.619018512226943,0.46527995872810524,6.397011266585702,3.551061736081664,3,1,7.941559100856586
MLTTR_0694,0.5034319685695792,0.4779058859006031,0.4422973783264283,5.787737663892689,6.8611177159135135,10,1,7.958361990327198
MLTTR_0695,0.491037499215482,0.7134956323975978,0.5799864005558687,5.418516017318916,3.050555586841411,8,1,7.509638513764402
MLTTR_0696,0.28862520741165426,0.6161480388511731,0.41043002927391603,2.7215522164085875,4.999129284812775,3,1,6.427886165056832
MLTTR_0697,0.14258180436507048,0.629924374567227,0.4681935803494137,4.894196838052707,3.056591029199332,3,0,6.224909461320201
MLTTR_0698,0.4202494855881226,0.9040737238824527,0.6411259463792496,5.641061756195,4.177284118510295,6,1,8.17371003007026
MLTTR_0699,0.12485920001079184,0.26538714238877187,0.41222562498978127,6.995126055573371,1.5321824786329623,7,0,5.596684519169
MLTTR_0700,0.20935699216250914,0.510061043708108,0.6393979969118924,5.906665776991494,4.936962392118066,10,1,6.893588529259485
MLTTR_0701,0.2554772917014679,0.557781351470841,0.32298030298968544,6.426264595016909,3.1519206752675446,4,1,6.848245107780499
MLTTR_0702,0.2908389901380251,0.520900897798447,0.33465700805551407,6.411286459411992,3.460148931305725,7,0,7.104890755000293
MLTTR_0703,0.7235283672940087,0.8025733188178551,0.44554087386356866,4.0206056637529635,1.300701948319031,3,1,9.035876009691266
MLTTR_0704,0.2628829657389571,0.5283981506375846,0.5718807885972155,5.659678601446493,5.329629840977603,6,1,7.399516192165524
MLTTR_0705,0.49434286208066763,0.4315575075806051,0.38918321698987934,4.636614089894217,9.061497493621186,2,0,8.350542357128012
MLTTR_0706,0.11766526208830524,0.5209644971483063,0.6845478641706336,2.5961453744734144,4.520736221747475,0,1,5.844415522175007
MLTTR_0707,0.15734254430979744,0.3682987728050616,0.5392314026374598,2.088149400058077,4.946585780314549,6,1,6.1159257608736315
MLTTR_0708,0.027993515151590806,0.587870298634746,0.3314662706202815,6.6944070622891765,2.9704751314471163,4,0,5.726561866385695
MLTTR_0709,0.33651038119664606,0.7772958135234889,0.39401070742167055,7.89146911767903,4.306885011645353,3,1,8.565906257234085
MLTTR_0710,0.14836375042976108,0.4988934357235932,0.6438604526368331,7.867745995026262,3.5350982400734843,4,1,7.681673914975345
MLTTR_0711,0.19133024161527615,0.30992856973968363,0.3449115407338794,3.3950463831469078,2.1227008451909395,0,0,3.8149606978589934
MLTTR_0712,0.5164547900219237,0.6425365385583169,0.3097891106956197,8.023960247270974,3.4602110280436476,7,1,8.513680275016174
MLTTR_0713,0.3625734700294566,0.21857367101612427,0.39894358854005474,8.14018575351307,4.209539564683502,4,1,6.991012070054982
MLTTR_0714,0.11008736032759467,0.3244239311193553,0.3111630969588238,3.57347573623602,5.866262276573571,5,1,4.461779007449959
MLTTR_0715,0.48695016259848645,0.708337745178978,0.38065421223451434,6.030322206547783,4.561091750938654,9,1,7.8928545976933195
MLTTR_0716,0.17435907425468994,0.20680708453331015,0.49590667504911196,8.436508273272056,5.796928266116128,2,1,6.842205095481839
MLTTR_0717,0.3256221049050138,0.39319361008041875,0.6319709495989502,5.2546967823116635,7.824958623919034,8,1,8.777033406005453
MLTTR_0718,0.20054842650088225,0.09922687639655066,0.4830351606872474,7.406198242685344,7.082943894854473,5,1,7.506587984757587
MLTTR_0719,0.4086286263533602,0.1810521536191977,0.5221106462332448,3.8535707482538184,4.389968672846535,6,1,7.040334860895982
MLTTR_0720,0.03220379317215784,0.4227761269499528,0.3459753732389599,4.408436300379788,1.6865286904955528,4,0,5.452719495469139
MLTTR_0721,0.09387756458339781,0.6911227035269486,0.43813994003575896,6.8056071305387755,4.846436684915774,7,1,6.827853226994208
MLTTR_0722,0.3187976823474558,0.2949157992028961,0.560198461929258,4.75182243273935,5.385886898850686,8,0,7.131159727132155
MLTTR_0723,0.0770956699434668,0.6813311781045791,0.49267201868973204,5.328054170600951,7.213763560449998,4,1,7.577279218983648
MLTTR_0724,0.3475131312215521,0.6984227196264482,0.6757499880486051,5.261251251209186,5.497916866469174,5,1,7.852526211490202
MLTTR_0725,0.31977439132674,0.12560792861446815,0.46729407054491023,3.062745545209407,10.0,0,1,6.163115295552102
MLTTR_0726,0.22445803783678128,0.6958098262769513,0.6694639649520491,8.016573251894613,4.566120704182273,5,1,8.10133440463455
MLTTR_0727,0.16634435915663673,0.5235808697619616,0.38403954218149217,4.809771575373023,6.5321578304569785,0,1,6.47815309390274
MLTTR_0728,0.29031157114355044,0.5254449922529438,0.5712370506192391,4.431704935085721,3.3806902682675606,7,1,6.871847398691169
MLTTR_0729,0.2841611474965921,0.13068935969152615,0.6077173482468718,4.198865768197261,3.1974677988512914,1,1,4.467400880523123
MLTTR_0730,0.23419234825419644,0.7377716618639277,0.6863531143186952,5.204421850231378,4.609133804481283,5,1,8.923248312389003
MLTTR_0731,0.4903038408336309,0.3355653786090455,0.36871897763329514,3.243221595863197,5.61003815375817,5,1,6.790626099739004
MLTTR_0732,0.21344227836300964,0.2130525293670929,0.5474490004545348,6.783185146308075,6.581161786171178,4,1,6.917021810148589
MLTTR_0733,0.4568645697718156,0.09257733731536102,0.6720126975743745,4.406419962327921,0.0,4,0,6.920172447109199
MLTTR_0734,0.14349517045465182,0.8667025885682083,0.4994997517389125,6.635683049907755,7.448768197501415,0,0,7.844513148439968
MLTTR_0735,0.4542872119693921,0.2106253176910195,0.6932529095112273,3.350251811477727,8.192535199620968,4,1,6.787497511856897
MLTTR_0736,0.06694397601189478,0.658012904971249,0.6622798997006683,3.070245022493452,7.902764805117275,5,1,6.434446778935851
MLTTR_0737,0.3752529846994839,0.7432625501227161,0.4183263385361735,3.2618504082694386,6.894313210562586,0,1,7.7417378830279935
MLTTR_0738,0.3249699779577521,0.3658465321136052,0.4946991008890862,5.526590670691433,4.942742635080935,9,1,7.930938460865274
MLTTR_0739,0.5682445905372407,0.1446243061338717,0.42979572517661147,2.471987996493617,6.306847208382426,9,0,6.243296794479354
MLTTR_0740,0.7044888609806227,0.7640805852733082,0.6224175631750046,6.730373666790235,7.768963796338239,10,1,8.073070610553668
MLTTR_0741,0.4959737806515571,0.7403564009790882,0.32195753510072306,4.422512692555267,3.240203180576421,2,0,7.770346912790617
MLTTR_0742,0.32992272172185794,0.32877250856779827,0.5752832331326374,6.838534274153304,6.526607071883364,9,1,9.139992725043903
MLTTR_0743,0.38840517377250344,0.4902767413782501,0.30177442449908004,4.319107834460305,6.194895228596467,6,0,6.7939320566350085
MLTTR_0744,0.10696026873682904,0.6236420232293886,0.32239571346221685,6.669224105295192,4.903736934442828,1,0,7.458171925918271
MLTTR_0745,0.03714889041290403,0.5270463310763102,0.6112878044069876,3.047599061769642,8.77001830988145,6,0,6.456933019194546
MLTTR_0746,0.04698388208986347,0.9260203794455387,0.38522798197866714,2.904367743718085,3.7851742040778458,9,0,6.038204785331958
MLTTR_0747,0.15898388923826642,0.7687551124221251,0.5280916638698181,6.236219143369691,3.2138614935362444,9,1,7.218752027600786
MLTTR_0748,0.13517532844019942,0.14288566160907384,0.6650107197100039,3.982290063885557,5.082173532191434,5,1,6.146545689514113
MLTTR_0749,0.25263928261259566,0.558482711426361,0.37080181305295634,7.153158892667715,3.9143537232967907,2,0,7.4396225088882835
MLTTR_0750,0.06184474799339946,0.9042775650287687,0.4575928307146611,3.69938698838454,7.851232292136797,7,1,7.436172229658263
MLTTR_0751,0.26154872036490107,0.4939801791764966,0.6110415668551886,6.071373276390825,1.842230555045521,1,1,5.454748886969131
MLTTR_0752,0.37950273117030764,0.22057065395348616,0.5461762558705782,3.451058871744616,2.543027671629351,6,1,7.384883767146256
MLTTR_0753,0.20914173216639262,0.3768919262679359,0.5501706263396673,1.6337909152267303,5.78752201056966,5,1,6.238483261447256
MLTTR_0754,0.1149383264254396,0.512897435200008,0.3767764181584015,7.885138753209703,6.656213103683961,5,0,8.331238897809389
MLTTR_0755,0.33027003774490943,0.5221461361070616,0.5099878766758003,4.651858649845195,2.786800854182905,8,1,6.801130061029929
MLTTR_0756,0.17747908846520188,0.15216490256103662,0.6357703214608811,6.974683286939941,7.760931135300584,2,1,6.4016258448740295
MLTTR_0757,0.11423523268492373,0.6720099234241247,0.5104392986897038,5.410866744006203,1.3173341573028932,2,0,6.021009063540167
MLTTR_0758,0.3763131410852729,0.1211635214760286,0.5558914946992779,1.6813162556017578,7.2142776331117595,3,1,6.31155371367781
MLTTR_0759,0.36292289263894995,0.5082574584482099,0.579389424441594,5.838374650416055,3.371687240414851,4,0,8.231428471204849
MLTTR_0760,0.5512869967573224,0.073552869625311,0.44634383434372144,7.19019105128984,4.200308097829074,3,1,7.273108176344034
MLTTR_0761,0.05502811285735879,0.6193931670126496,0.506448379622323,7.6047902320118315,8.745774888384322,4,1,8.599998148399964
MLTTR_0762,0.5558744887239006,0.2854624241686585,0.44254557056629007,8.287919720338605,5.018644444254983,8,1,7.971419370749421
MLTTR_0763,0.3166108444645924,0.3568635661800914,0.4104344890411277,5.829351230797133,3.8508613068088025,3,0,6.400496746652216
MLTTR_0764,0.22230896604553702,0.4259920282901991,0.3300759712778586,4.853513209453773,5.619470746655259,1,1,7.042715901109642
MLTTR_0765,0.22024262476840367,0.25013112221328526,0.6548116827439404,5.193878505129144,8.9141377704487,2,1,7.478968215415038
MLTTR_0766,0.1120549432684769,0.2928728901960089,0.4372556324319577,2.7604724614006066,5.270237714113161,0,0,4.967106044635763
MLTTR_0767,0.2715258196049815,0.4920960347608488,0.5847597832041989,6.504894469145245,3.5903475458685215,2,1,7.381429047161603
MLTTR_0768,0.47522722597073525,0.22803862157821816,0.38244091302145455,6.481874556751462,5.546817698713555,9,1,7.78658354406011
MLTTR_0769,0.20323643924109977,0.19972346697090018,0.5384666919050427,5.74138004244298,2.650612802869421,5,0,5.481346538089536
MLTTR_0770,0.35574208783324257,0.37538581136285704,0.5968822630638386,3.528198370997961,3.752756969250397,7,0,5.931445389109056
MLTTR_0771,0.3591317330855006,0.5418966777912431,0.5789830483026128,6.322365725715473,3.989051681692195,7,1,7.571152771266064
MLTTR_0772,0.2998096164986173,0.5679034085645447,0.49033828065349083,3.9657441106073086,6.416283061354632,6,1,8.051081529324883
MLTTR_0773,0.4194630092422315,0.14055479808592952,0.6950292798758668,7.51071603598526,4.146255683753223,10,1,7.649608796301208
MLTTR_0774,0.0648095895900317,0.8283108527107973,0.36093270779890296,3.8532451968417263,6.082004789196258,1,1,6.778637948118372
MLTTR_0775,0.1981037739850436,0.6341099387121579,0.5972582949706993,4.010179892251776,7.420301705174127,1,1,7.733110947897482
MLTTR_0776,0.15049347655303702,0.5288211768510446,0.3485421476863624,4.418578022007888,8.272506050665985,1,1,6.798208035983039
MLTTR_0777,0.10634086327685359,0.32237089501456967,0.5007149730130074,3.015089996755891,1.7392554413920007,8,0,5.160598531111692
MLTTR_0778,0.3976026941122939,0.08848390469991224,0.3024472780816137,3.281082553793267,5.007406403685984,7,1,5.788944348227539
MLTTR_0779,0.13885442631876685,0.5833255107951322,0.32484750831843934,4.489123156761215,2.811740639076036,5,1,6.821405226296147
MLTTR_0780,0.6266116810391794,0.32773258606556555,0.6604473017497972,0.19214710362687004,6.39366853171042,1,1,7.278174817138467
MLTTR_0781,0.3206434977218181,0.3964391050917891,0.59662179910031,8.991099522673977,5.612172875051984,3,0,8.164123183608611
MLTTR_0782,0.23029024006548962,0.19221455778204888,0.31520506825504185,5.7805949237581755,5.090895161780949,9,1,7.13114154756291
MLTTR_0783,0.3566878651531127,0.08624488078434075,0.33354715932805,5.619012873807861,4.049646808047964,1,0,6.321322294408244
MLTTR_0784,0.3410810532592054,0.2876542229225314,0.34248438225069133,3.3017794573021892,3.18004038482246,1,1,6.303380129863443
MLTTR_0785,0.31245435288945766,0.3740246293676046,0.6369481071276475,5.419629675631737,1.7281767753030013,2,0,5.93747056519625
MLTTR_0786,0.32567883853263796,0.6187620826668657,0.49128849511071704,5.023245383481672,7.038107152683573,6,1,8.497206457894121
MLTTR_0787,0.5368809694068962,0.3034565516767811,0.6335819174300029,5.230880989061671,4.708533031488464,5,1,8.142412372622795
MLTTR_0788,0.24183672937353978,0.45105726743227015,0.5407434720312012,2.115520181840079,5.170273858921681,2,0,6.468210842203941
MLTTR_0789,0.21591528785907566,0.5365206445738346,0.6071749219431242,4.805468753741266,5.74612459725078,8,1,7.876314787400981
MLTTR_0790,0.19661890506037874,0.08444903429937309,0.35234997067026996,1.3045097252750044,6.686472327284137,3,1,4.624082288129831
MLTTR_0791,0.45068984831702125,0.6689072106360381,0.5883058381650217,4.6434469892182095,8.871816979057483,10,1,8.061649918392897
MLTTR_0792,0.12230323287607402,0.2721217391602061,0.418407867331619,3.280463777111809,4.749052586610162,3,0,5.244256376981893
MLTTR_0793,0.20169844659068664,0.2859306555927661,0.5546843715695731,3.8318919522904267,6.410812648046248,2,0,6.638031633785786
MLTTR_0794,0.24155213327530753,0.5679839434860507,0.36082480245613846,4.390317050737183,1.840657177796062,0,1,5.433597006556297
MLTTR_0795,0.06558277432165731,0.9928666854642236,0.43151754017235683,6.692434670068887,4.320007709979897,3,1,7.3680391723442975
MLTTR_0796,0.3833275088256492,0.378710716440008,0.6204395249210563,7.444116045800422,3.689372467107471,4,1,8.08229815985478
MLTTR_0797,0.15004406373224796,0.4613183180609609,0.33016650596206937,5.089518064193545,3.851588646283104,8,0,6.517252682933727
MLTTR_0798,0.11034930891368024,0.3590564789300624,0.3617273848912251,2.9000237818099652,7.4142992360576,9,1,6.960730540039114
MLTTR_0799,0.20786658914277553,0.7718114594731795,0.4142867242275224,7.96734130826516,5.319751127419265,8,1,7.907989776926821
MLTTR_0800,0.23831800353406923,0.4867370666294324,0.38414054072714054,2.2520577161640847,5.234766179334322,5,1,6.1958592922911135
MLTTR_0801,0.26641824714632056,0.5503121563058331,0.6320958831224093,3.936600768747494,5.2599264857883234,2,1,7.45842329528742
MLTTR_0802,0.22292276243992878,0.7692481206666397,0.6512464776985684,4.602308081301584,4.657409894236778,2,1,6.617197211703695
MLTTR_0803,0.3005723790192763,0.2489249326573347,0.6317475455942607,3.5662208299614138,4.664647509930829,6,1,6.898041921157297
MLTTR_0804,0.1917487444252086,0.45263204293196785,0.4748797360609703,7.661801912877623,3.815114509742549,5,1,6.368767697479812
MLTTR_0805,0.10288310558498472,0.6923719371367311,0.5528617114120296,5.821294692835147,4.034515106306838,9,0,7.31666122296789
MLTTR_0806,0.5915848418274675,0.5243154273232807,0.5283979337875935,7.154748420554781,4.248781543414245,10,1,8.184861723131913
MLTTR_0807,0.29728658060375796,0.6620967188349605,0.5566782680235058,4.436183328024199,4.739760719075755,1,1,7.251188186858325
MLTTR_0808,0.31587477220891463,0.8126390431900528,0.5457773069168981,6.742881822976796,1.370466649927164,5,1,7.674088321450788
MLTTR_0809,0.05047674925900486,0.4869921557743351,0.6691392285450889,4.72081522465077,5.235598765432033,7,0,7.185507124960401
MLTTR_0810,0.22244343980588224,0.3504444321049823,0.5599280522808365,4.730995386215969,5.0275850887020255,5,0,6.221966162916245
MLTTR_0811,0.26418726116878405,0.6424993975341587,0.3127474728636762,5.612690120902064,5.929700034190923,0,1,6.450485147255145
MLTTR_0812,0.12172933871983879,0.7635826367825737,0.6004349698872443,5.794344446347003,2.879024890844641,8,1,6.874890078972094
MLTTR_0813,0.15563094442626596,0.37124660960511535,0.5227148383016732,6.150564982570775,3.2413421738794934,1,1,6.373637543377092
MLTTR_0814,0.0958034046068465,0.6411340547548262,0.6145947551414538,4.595498511697292,6.691581530726645,0,1,6.38736916261239
MLTTR_0815,0.043510732027271896,0.5465119147771363,0.434743775404572,2.0463367028351835,3.6657052695326318,3,1,6.507258378527781
MLTTR_0816,0.4216118351312575,0.47310681317697817,0.38308881592876165,4.386578215736615,6.050368998651959,3,1,6.959138541810455
MLTTR_0817,0.35645845152383465,0.4418922972778572,0.5025915060971851,0.0,3.7562161094511612,10,1,6.831659025514552
MLTTR_0818,0.10986814983620956,0.3746533160999081,0.390833824275786,4.445560227013799,2.7115573793356957,4,1,4.002425571919018
MLTTR_0819,0.41497398360599536,0.8178052483162522,0.5357472523067832,3.401566830329646,2.1994073111304915,1,1,6.657644080252565
MLTTR_0820,0.15058564279777734,0.15239259248167536,0.5176172886225895,6.635570432590872,3.8838603431544376,3,1,4.8399509689981866
MLTTR_0821,0.6087629126349858,0.762478982759785,0.5762213282587738,0.0,4.158331500507557,0,1,6.814317249341326
MLTTR_0822,0.10964901084807703,0.3220682874754883,0.30995222809013423,8.975934786377582,2.6611042248425623,6,0,5.610766662483751
MLTTR_0823,0.29604191376472944,0.4787206355218443,0.6149989961107007,4.328498152583856,7.91464084501183,6,1,7.6368266576147805
MLTTR_0824,0.2676497381985786,0.23546466684916872,0.3484388184785092,1.849296702278048,5.137465517614061,8,1,6.377917418620692
MLTTR_0825,0.26802266183090634,0.3987164664071025,0.49002336551103665,5.8453279540782095,3.3329093265552108,6,1,7.751856739274955
MLTTR_0826,0.25309998299227576,0.8352651516261052,0.4671425643331313,5.9725253799290225,8.060346147894654,4,1,8.11708806528917
MLTTR_0827,0.27897501793049584,0.3197388362941808,0.6921333469738654,5.848629102983483,6.733588551543161,4,0,7.764705794790769
MLTTR_0828,0.2665033353220163,0.4584275062322431,0.6188229074161284,9.323397407912807,3.591550041971421,8,1,7.128392430856932
MLTTR_0829,0.1369299470519402,0.7753555902162735,0.6651919402856942,3.3584442490643545,3.0610208564641344,6,0,8.243050335585947
MLTTR_0830,0.097603793824061,0.26428519272871814,0.40707310610777486,5.586882869820438,4.728153068964214,4,0,7.201182702916189
MLTTR_0831,0.5263791851140107,0.5021824771207306,0.5005029905350024,5.300503729000525,6.5398163082259755,2,0,7.49112693590795
MLTTR_0832,0.13575962588495,0.194512300724432,0.6498337166851343,3.6540690161412233,2.3152148499183047,9,0,4.764295475022489
MLTTR_0833,0.36237848962467495,0.7105139059993856,0.6426913778954935,5.578539845421506,7.380469036546936,2,1,7.809470974907564
MLTTR_0834,0.4256711705398022,0.37257619218621063,0.5370926840794077,7.499633032486122,4.336456198521422,3,1,8.08017464786289
MLTTR_0835,0.5143744654038949,0.518306868332005,0.5011493788782084,3.3156081222491744,6.755030604730949,10,1,7.3390350498064825
MLTTR_0836,0.25474718935393886,0.45014085578938245,0.4008711934351088,5.895624467640755,4.8232129775779455,4,0,6.23918149713221
MLTTR_0837,0.3908431491209604,0.3473599808294353,0.5115714892632497,6.99778456820793,6.066173632880752,3,0,6.684737008478279
MLTTR_0838,0.10616143654379037,0.9745155247210854,0.6461830232151224,6.297042440915007,6.373625587504055,7,1,8.24381429846996
MLTTR_0839,0.16904452021672733,0.573772241323703,0.5877288182421296,1.8333314554885316,7.663032976464828,0,0,6.737819899648983
MLTTR_0840,0.22491767472668972,0.2625884001940471,0.6285009845649703,5.563623988534452,3.6943531609023497,0,1,5.415926626662067
MLTTR_0841,0.35321830370351853,0.7050348998917186,0.5417184752233963,4.236127845164462,8.857313259484814,3,1,8.693912554028254
MLTTR_0842,0.17138429694238047,0.5835654874902679,0.3386132793979678,7.432354477053707,2.5841649405080083,9,1,6.973530268909282
MLTTR_0843,0.2843527296463898,0.4369875810271982,0.37466052172414455,4.7516492410850875,5.727955630374608,10,1,7.2868740090078665
MLTTR_0844,0.1493046216871941,0.4104750135714557,0.46837811784033434,8.894740201981474,6.451023613003388,4,1,7.968560543966292
MLTTR_0845,0.5363727227750013,0.12808366476749267,0.6556239444237157,2.559704009728364,5.161667269270894,5,1,7.819839903399122
MLTTR_0846,0.1972836933221219,0.6830947302854417,0.49086279755562234,5.993813789896855,6.867572402620429,4,1,8.395669761328003
MLTTR_0847,0.056318543839833105,0.5162690801441037,0.6750479048811786,3.2671619233118125,1.9137141338918142,2,0,5.189886270055036
MLTTR_0848,0.5083313975233439,0.6606514821971632,0.49104452751160843,8.519489729276325,5.025379221057142,1,1,8.85933897653749
MLTTR_0849,0.27637534843648215,0.7873504619575309,0.5929896772991008,8.117814293237544,7.089501864555535,6,1,8.506974274972768
MLTTR_0850,0.2351816029797858,0.6113316780204785,0.5769806528685761,3.17066121227953,5.139942229448285,1,0,6.254323750388507
MLTTR_0851,0.38686222172217377,0.7135764161730649,0.3048182598130068,6.497402572412987,2.9320290967907154,2,1,8.342403974582464
MLTTR_0852,0.5957864016883895,0.5945591011883042,0.4734299680161314,4.920014549028302,5.432022512909312,5,1,8.370662713170807
MLTTR_0853,0.49586997685471174,0.6569198090815797,0.5290775714393922,1.7827663849231836,5.4938093238386685,0,1,6.208068768627969
MLTTR_0854,0.4480414938063178,0.6011132005278684,0.693303400593723,2.9333217991012477,3.1637315871274305,9,1,7.596527846384976
MLTTR_0855,0.7030324647076162,0.42230146233031335,0.6265388361817675,5.1991477050746155,7.737842958237154,7,1,8.12937858000928
MLTTR_0856,0.7719732315524744,0.11922780476821039,0.3952620122215096,6.025657087613697,4.060818997744534,6,1,6.63574572908582
MLTTR_0857,0.23734592116246922,0.8351197939946515,0.4180707531703098,4.2597735609292275,3.091036940839069,4,0,5.703208655786185
MLTTR_0858,0.1190264931574058,0.6460782807516252,0.4952207955471133,5.5865543132518,5.335242779353279,10,1,6.596258263900894
MLTTR_0859,0.15646431490671808,0.40425265501530877,0.4441154478720045,5.623981538203478,3.8344964370867682,3,0,5.827453224764199
MLTTR_0860,0.27274132419132524,0.9030097439945997,0.4461755843135564,5.572652868163514,4.745471909303955,10,1,6.985502229676465
MLTTR_0861,0.19299221960966323,0.934329390749587,0.5266698383203232,2.654668941357104,5.588571952879049,3,1,7.032377587733329
MLTTR_0862,0.14021897616334653,0.5215753477606265,0.31895917561613485,5.276126502148291,4.3037191274445,5,1,6.558553252800237
MLTTR_0863,0.1580637333832695,0.5389812075324667,0.47143779307549505,6.05804476570054,6.293664644177888,6,1,7.546152072534437
MLTTR_0864,0.2776348729790762,0.4204534721509777,0.3289068378617746,2.044803351507036,5.708467344298366,2,1,6.389316033772406
MLTTR_0865,0.5363038524170884,0.5859200697789616,0.3063215828119961,8.055885483309979,7.524982231392595,8,1,9.365970836857066
MLTTR_0866,0.40862195865974654,0.612308302090279,0.640559235370605,7.8944046304510636,3.157151985883628,10,1,8.38733535834968
MLTTR_0867,0.03594688265098679,0.38021434722379505,0.32428608013653293,5.325599350732647,5.258615293917349,2,1,4.635683712635889
MLTTR_0868,0.12094383374916737,0.5208440080695026,0.5628077768240386,9.145233711238124,5.636483844891175,2,1,8.092395155156826
MLTTR_0869,0.3926878434052476,0.627080161745576,0.6086903452757555,3.4105406655934476,5.694608588176787,5,1,8.06119917310419
MLTTR_0870,0.11548943205615769,0.3985795289012957,0.3327742614534434,3.1286103899362434,0.9832302564989748,6,1,4.350996905123641
MLTTR_0871,0.47883250160366725,0.8504212945295894,0.33144140169641045,3.767400556283289,3.0284352817014484,6,1,7.981942235795957
MLTTR_0872,0.1837804353816241,0.2500545820759247,0.3117512005342835,3.5844195631048357,5.775322685753964,2,1,6.533668743256992
MLTTR_0873,0.2927673607870339,0.14063544152711918,0.650092599466704,8.664228940535136,6.262074371590917,9,1,8.356374842082174
MLTTR_0874,0.5587310295292555,0.739626366858611,0.4910441759013836,5.100468658478821,5.1962406472250535,9,1,8.027429866201418
MLTTR_0875,0.16535557142675542,0.795858191731411,0.35974172359323436,4.891836693261416,5.494758824908287,3,1,6.9674508167358224
MLTTR_0876,0.38854723592711804,0.23877068014775835,0.691515575739466,5.727417386748292,7.548795625753337,8,1,7.703342731439276
MLTTR_0877,0.2515142562683292,0.5675477616285304,0.5458688303617264,8.159207596881224,4.439425625533253,0,0,8.545322751865568
MLTTR_0878,0.4962871464797614,0.5143300014953834,0.6536103259471501,5.338887949571057,3.629279700687685,5,1,7.392880970622622
MLTTR_0879,0.09145159822669502,0.5401987054577838,0.33925883949558866,4.257919911879454,8.085735163332865,4,1,6.630567946698815
MLTTR_0880,0.22542241935332982,0.27211648174336805,0.5332911978950766,5.544489076257771,6.344085145932376,9,1,8.184649004565996
MLTTR_0881,0.08636644140379511,0.3681348239551728,0.6027943187355971,7.50280699289805,4.812542056910415,9,0,6.882065882522322
MLTTR_0882,0.5165664256579083,0.2770334730459931,0.47773885463054483,4.604439677610144,3.728815947439106,7,1,7.220256394036531
MLTTR_0883,0.2655140119279225,0.0811177188965429,0.4981075041202774,7.806695309335228,8.304818243984245,7,1,8.079715389866529
MLTTR_0884,0.5806718365997665,0.0418437969025992,0.320735551721238,5.614109874823435,4.595628889703845,6,1,7.697891489348674
MLTTR_0885,0.3318580368226316,0.7600644214618246,0.3855104919001846,4.657349025873131,3.5383862532362977,7,1,6.8958899779861005
MLTTR_0886,0.3595171615262236,0.2567520436208366,0.4026135071686826,5.983916141606222,7.642560485428108,7,1,7.982100010389966
MLTTR_0887,0.25968328280693537,0.06281301982487947,0.47684840997472977,8.924189286286676,2.2387551887395847,0,1,5.990982291905994
MLTTR_0888,0.20049798845829572,0.6392584967427046,0.3060719337902517,4.524945602889317,4.843830199674475,9,1,8.183893523803885
MLTTR_0889,0.3994605707860185,0.59793627334513,0.3349306158591943,7.737375360189768,6.37674167532947,2,1,8.274215260320787
MLTTR_0890,0.4000003172791571,0.36294162952249553,0.5356710963824814,6.127478230004373,4.579569753903476,4,1,8.053648460926365
MLTTR_0891,0.2512997022531974,0.4001683860316364,0.6941426644131801,5.321539009936395,4.122461972817712,5,1,6.844471449770419
MLTTR_0892,0.3175783716559242,0.4399801833041506,0.4028711385811883,5.110253662018069,6.0012691471701025,7,1,8.018151411139252
MLTTR_0893,0.1581874570144241,0.4706415948635116,0.5111467043890695,6.633911694667753,2.7461182842902887,4,0,7.231586428903031
MLTTR_0894,0.26097824428433897,0.6180725003070562,0.498691156552324,6.22868229330393,4.716753509046133,3,1,7.990159280883305
MLTTR_0895,0.2752093939085661,0.7107531888533584,0.6088909620831771,5.746187073746645,6.559584411802775,6,1,7.52068379660479
MLTTR_0896,0.10511464359143884,0.5474183262016639,0.5129988828880214,6.31319432338856,2.9817261632534335,7,1,6.411262500980564
MLTTR_0897,0.16128105995045677,0.8675641817239222,0.5044638035420956,3.3055019954862868,7.87154677258206,7,0,8.224143880953607
MLTTR_0898,0.5657512962100288,0.8126023883511428,0.3165682456619776,3.718748658635075,4.727212752232941,5,0,7.172615353468349
MLTTR_0899,0.37765006305562326,0.30466583035797296,0.3059851610637952,3.0313116580718136,4.9914186162192555,9,0,6.833204197372296
MLTTR_0900,0.29083779236355456,0.3711953348785799,0.477511169653825,4.3283782269944995,4.203799176518515,8,1,6.713765332704975
MLTTR_0901,0.34733779667913967,0.6651044509853242,0.349321405093336,4.593091526844283,6.27697629511613,8,1,8.343244283270414
MLTTR_0902,0.4415916797756047,0.33960201262817236,0.4278780507304877,4.281599174653254,4.205031836324407,6,1,7.1133924700625535
MLTTR_0903,0.25406970848855526,0.34681509711415787,0.3597072793618594,6.065898625137313,5.587377663819931,5,0,6.817251006970177
MLTTR_0904,0.10309882254338415,0.4897052558214336,0.6171391511427652,3.138175928377523,7.618436247495191,5,1,7.082385648047366
MLTTR_0905,0.059982641186893434,0.14307500550564117,0.4170918050015709,4.530397945670991,7.606277915066427,2,0,5.954133776488876
MLTTR_0906,0.356508237838231,0.7979362678443884,0.5595250132522849,6.72279724831397,2.1490826822421103,1,0,7.875166136093167
MLTTR_0907,0.33453113363660314,0.639156929892201,0.5368823753097094,8.339015814864046,7.794159644774057,5,1,7.822552372470878
MLTTR_0908,0.10771136321590127,0.7215504920307938,0.5797629401882298,5.11629023890707,4.1713720752194545,0,0,6.100602194495683
MLTTR_0909,0.7245943129703529,0.525429455778421,0.4088791074509435,7.382564445015198,5.735659942103342,6,1,7.914424409731313
MLTTR_0910,0.24685029616374127,0.5988269324880761,0.36445868438439866,7.719861304017014,5.3435650082159,9,0,8.589247398187535
MLTTR_0911,0.11182559875097754,0.5417648014784097,0.6480938374681343,3.0022509642900763,5.690465620324031,4,1,6.7030587027549835
MLTTR_0912,0.1997555703834623,0.6945760592052515,0.4972144171336147,5.488700717176281,3.955777321657861,4,1,6.8485624455251966
MLTTR_0913,0.1954710293856626,0.330260977710606,0.5865788135786144,2.9422167209522683,6.2903909978974015,2,0,5.496435769743999
MLTTR_0914,0.09239868563337426,0.2613117608164093,0.47751978579444476,4.244124189404106,7.133684101397393,10,0,6.105076039811482
MLTTR_0915,0.1731262468110656,0.5556846759094437,0.31057236837246094,5.814413861815065,4.001484840550751,0,1,5.231858305855567
MLTTR_0916,0.4905765491550029,0.6026703004974625,0.3490864874851993,2.5100047755733534,5.105766911250656,4,1,6.837941621029427
MLTTR_0917,0.25901645730614176,0.4563447037447013,0.3589322274070743,6.060169778764012,6.738812637307168,6,1,8.16919888328286
MLTTR_0918,0.01439721748312998,0.5438033481033677,0.31271781274554816,4.733664592438167,7.253953863836376,1,0,5.7002759500527915
MLTTR_0919,0.32222630222658677,0.59046072426881,0.5864024733121482,4.532176706852732,5.794797516684193,5,1,7.67366558884791
MLTTR_0920,0.10549658897849035,0.8106558267227401,0.6840729698479511,6.06507017434193,5.667496371271865,8,1,7.422121307105515
MLTTR_0921,0.07411656198323091,0.7437428385245162,0.46128258439229614,3.3867931871662575,6.089291629359697,5,1,7.9679581726294995
MLTTR_0922,0.392525197908007,0.30117325716099114,0.688244514491389,1.669445141180364,4.472797138474121,3,1,6.591029305663664
MLTTR_0923,0.544855556466828,0.4458794244938568,0.34478718058480123,5.06471322633122,5.796010526868743,8,1,7.268632339667882
MLTTR_0924,0.12301369430763255,0.6181023028118839,0.4395261106283443,3.5881408369877956,4.591745569448251,6,1,5.9649848339207585
MLTTR_0925,0.43698471895174185,0.7612534108540884,0.5405919975250478,4.615104582732498,4.459056881280397,3,0,7.999212662976074
MLTTR_0926,0.09444160787162151,0.2578480705307341,0.5582756292183035,2.837604452035325,0.5080966515905274,0,0,4.552726275782159
MLTTR_0927,0.5706511611250148,0.5592925416599617,0.311470416415481,3.157381042221621,1.5989822079404585,10,1,7.600857505944801
MLTTR_0928,0.3807933892485295,0.7196819484684621,0.6578537242262729,2.9773038416361537,5.860226588557845,9,1,8.471548198555823
MLTTR_0929,0.22092151529346768,0.6083417780936872,0.697902980677801,2.4804381867024983,6.592628812540814,5,1,7.67252163832025
MLTTR_0930,0.24753369553251023,0.39217145154312655,0.4180817237838499,3.3973051333877167,6.009083825150341,2,1,6.588130896176655
MLTTR_0931,0.2799212211018466,0.6577171225108572,0.4183118280385003,3.455079932286492,5.331067728043091,9,1,7.596958965013103
MLTTR_0932,0.17300229073182652,0.48319337267125956,0.5526096906598635,5.051927185853718,4.5321489458313025,4,1,7.553297052567938
MLTTR_0933,0.16146650682079727,0.5326627521525201,0.4673457962246551,10.0,6.235869748503378,1,0,8.107313335528094
MLTTR_0934,0.1264291662315104,0.5344426498924002,0.5083862135057984,3.780470946927732,4.335837765397134,4,0,6.410622856386767
MLTTR_0935,0.6427241957713934,0.36017425605755526,0.645520477785327,1.8689747002592578,5.113166963008248,1,1,7.427218144161253
MLTTR_0936,0.31101934952455357,0.7180854422595572,0.5572108408949203,6.133145373139744,8.070559624749835,5,1,9.84644777501006
MLTTR_0937,0.5762767026328101,0.5762539484786426,0.3472147329206268,2.566635118655089,2.3909618138970967,2,0,6.359828936309985
MLTTR_0938,0.12375291085347735,0.11959919508492921,0.43197255170822024,3.2378367138795543,3.941494669824534,10,0,5.518280327263441
MLTTR_0939,0.42700146589785,0.3094363936567715,0.6458760370897414,4.315407030253828,4.6374968238597924,7,1,6.404759669799138
MLTTR_0940,0.23782120206659066,0.6855048342423754,0.6732411740401338,5.071166454854559,1.3440902668464525,9,1,8.268001803388044
MLTTR_0941,0.2942005353743022,0.43959869965730874,0.4229916507830467,5.126006268078275,2.777059470345686,10,1,6.355902579751057
MLTTR_0942,0.8146248986105136,0.3826129805493773,0.33095044825901554,5.465230656067363,7.201168489632437,4,0,9.095933974454407
MLTTR_0943,0.2826079213316513,0.9602012966829443,0.6128542385131084,4.754392258789983,6.124681171247433,10,1,8.540701836671062
MLTTR_0944,0.2013254392069421,0.6246672470006986,0.387146890897893,7.159546829774053,4.838804485173508,4,0,7.138140503720614
MLTTR_0945,0.22313344353075246,0.20171552890606056,0.3902498203392037,6.633294028975919,7.681430532407422,0,0,6.499219736419572
MLTTR_0946,0.08419279076621787,0.7493718042417441,0.4647418322382748,3.915198778012151,3.169063344089576,8,1,6.4650661393504505
MLTTR_0947,0.23120567646035667,0.7062849152408575,0.3331835624413255,4.561170837905229,8.873465201061613,8,1,7.189608412433736
MLTTR_0948,0.135653446122857,0.6693349643361318,0.5711132563543391,2.3200742359351154,4.978176525500427,3,1,5.5312061908860635
MLTTR_0949,0.737524580456909,0.7426198516756362,0.643042936390008,6.27686551561266,3.9200687115769273,9,1,9.218151153315102
MLTTR_0950,0.27211674639395794,0.6564059054874204,0.43468931107200054,4.573576605925665,7.244085768175349,2,1,6.484626040605691
MLTTR_0951,0.2482718197596492,0.7904591467433447,0.5692015496043206,8.717766530861246,6.134158546446991,6,1,8.157580364391292
MLTTR_0952,0.140203808796311,0.4811100066961875,0.35316820637637303,3.645951025450383,5.498742359031045,10,1,6.806344904506199
MLTTR_0953,0.038162346348371665,0.54544765837471,0.44364781340159976,7.9552019477600755,4.8682249016731385,2,0,7.1883520099082965
MLTTR_0954,0.17531905496168076,0.43027755315026933,0.3621074074102145,3.175392247758801,1.5359588073593073,8,1,4.182848031732334
MLTTR_0955,0.47647211306572856,0.4602513875139749,0.3417659954880636,1.6774031411085688,1.0054544404257388,4,1,6.596789212517834
MLTTR_0956,0.36379118864730553,0.5619138177156972,0.4100903611753678,3.294217153447609,5.094569580413257,4,1,7.685185253611493
MLTTR_0957,0.3392952753411803,0.6912290260934435,0.4472091117683859,5.646074504477502,6.987081921149518,9,1,6.493918334673788
MLTTR_0958,0.0359205081050071,0.4014284863115157,0.3092703829203517,6.969509186922509,3.5304798789335385,2,1,4.30662270665037
MLTTR_0959,0.43873129684340284,0.4589807894034323,0.5566615948031053,3.2586161387519406,5.26886282544107,1,1,6.48585779022103
MLTTR_0960,0.31669908470015634,0.45610263869123885,0.5574899752321589,6.869909451337831,2.009128405455543,5,1,6.802724221023359
MLTTR_0961,0.19786569009025115,0.5090038644650716,0.4150664817881977,3.948936123141812,2.1438206007108764,2,1,5.821343250869284
MLTTR_0962,0.09552796951528274,0.24114590455054002,0.4735763639094144,3.9656024155677416,4.972875125805778,4,1,6.3015250851846485
MLTTR_0963,0.49959916417373573,0.5084219523260322,0.40887920818677365,4.381003209595372,6.456986118428066,9,1,8.59975002774004
MLTTR_0964,0.28018082293046676,0.277722165687938,0.340594299662327,8.207443317280555,6.542732316629935,3,1,6.917827890558979
MLTTR_0965,0.12132403334649154,0.05128288410841078,0.6813870484728619,5.326841307895258,7.448063162116826,3,1,6.5579253665253505
MLTTR_0966,0.15172824288914588,0.28252078105407197,0.6727432749735178,5.568252443302246,3.5139256921074917,6,1,6.841370670321163
MLTTR_0967,0.49140080786840057,0.2979628190099286,0.48398374535827937,2.0110737493544324,4.75152957690453,7,0,7.167170007279206
MLTTR_0968,0.12415752216023636,0.9641662054187765,0.6279072507507235,5.294522971900754,6.622208024348947,1,0,7.420749871637221
MLTTR_0969,0.06669547068050814,0.1839021452978865,0.5029417381442878,5.514799785689433,3.0625889673114473,4,0,5.116406344352433
MLTTR_0970,0.5087755286815232,0.7601605769714879,0.6829542134675963,8.163438177244565,4.472093988662457,2,1,8.274145204580382
MLTTR_0971,0.18175697361321974,0.30365530573219923,0.5450685785298475,3.2642117704372278,5.069728114560431,1,1,6.085998121964634
MLTTR_0972,0.1700660020505421,0.09262058444482109,0.6437597416598385,3.585314856729269,5.03543964874739,6,1,5.835624281245091
MLTTR_0973,0.36095878959005695,0.5168393285497326,0.5239786276511316,3.1696324728134124,6.800786691638207,3,1,7.277092172772543
MLTTR_0974,0.14640695449200766,0.2085191951451993,0.5238681065101357,3.692202095109339,5.907388478182449,4,1,5.5547043516169445
MLTTR_0975,0.3415056633581976,0.06288439384304782,0.5506523099589058,6.279554955961576,4.201685740133418,3,1,6.826265480756313
MLTTR_0976,0.3539466954901474,0.6699022778321753,0.6359280705339175,3.4054929153266142,0.4939272996040973,4,0,7.167738314418487
MLTTR_0977,0.27728102653060993,0.2706908139828618,0.3492982897325054,7.461968854449193,6.627873073145587,7,0,7.217444970614334
MLTTR_0978,0.37291759602998253,0.32214590036103996,0.5860316106799099,5.0280880140562925,7.027847424400221,7,1,8.372310731959937
MLTTR_0979,0.19642708587535201,0.6064932655611487,0.5858232247461987,3.1765890965820143,6.071237959063994,10,1,7.114818810530209
MLTTR_0980,0.48838776224553576,0.41377153858164684,0.6995470123270131,3.6864228784217135,5.767163923319242,0,1,7.439357640603479
MLTTR_0981,0.4698624036790566,0.5119095792521139,0.4410281560541928,2.273845077911142,5.939934627136724,0,0,6.844873368138456
MLTTR_0982,0.211439254689519,0.454558169687549,0.5752487604414078,2.1196873371422043,7.44923418405126,8,1,7.829125505276591
MLTTR_0983,0.34209971816546,0.09120215546591577,0.44801602114473793,7.211124532380598,4.057927777267855,9,1,7.811731659307066
MLTTR_0984,0.013950060258279273,0.41694931531393536,0.5373190761227163,6.6791371700766,4.9313197979642025,10,0,6.189794470227321
MLTTR_0985,0.35090727677629135,0.43661334657392353,0.30314571982060734,3.0336924179035405,3.100684266083181,10,1,5.644936321135822
MLTTR_0986,0.3701243688574438,0.37771327881752037,0.62843749790229,4.071899518177686,4.62903799279458,9,1,8.404524067065411
MLTTR_0987,0.19745829394690317,0.9557665996443304,0.3759855136021655,8.093061174506715,3.44067440182366,9,1,8.421758817249556
MLTTR_0988,0.17670417769454486,0.9140245885875038,0.49528982240862685,3.5329965891564563,3.4430336956681717,9,1,7.640760322645405
MLTTR_0989,0.2212011006232784,0.0644035588763179,0.36499234594895436,5.3856255643201285,1.1465440982462778,6,0,4.932279831332162
MLTTR_0990,0.10964349311576482,0.25363023873550294,0.6778511825819706,5.943888481277788,4.863994265032351,0,0,5.895522369719535
MLTTR_0991,0.3146989310842956,0.792616162083804,0.5896877185941413,4.558106227782229,7.044574479310365,9,1,8.394143541600899
MLTTR_0992,0.22843209271788215,0.6193121891668485,0.644710913045977,4.579719892301805,0.0,3,1,5.797444777451041
MLTTR_0993,0.06734560371079043,0.15749756883749944,0.6030992436078759,4.285534753154277,7.553811742981226,6,1,6.692302505709886
MLTTR_0994,0.36815446927615375,0.25687782151332944,0.6591474131216033,5.1775938292314905,4.9714323281050765,1,0,6.414361683795795
MLTTR_0995,0.3748247158849768,0.28119165629678383,0.5620563872374851,1.886825077656352,3.7015321071455656,7,0,6.5673938187288705
MLTTR_0996,0.06864689120529323,0.4807519494030807,0.3333555016465324,5.037318668826073,5.641365656939227,1,0,5.651676509234473
MLTTR_0997,0.1219588606480945,0.3747125659297337,0.32834175331179405,5.298437796647749,4.546421877830877,4,0,5.735185815504837
MLTTR_0998,0.36529738316645394,0.648995353654523,0.5999510230095404,2.3471873524269182,4.883074990497144,1,1,7.432597074502844
MLTTR_0999,0.2725692610125325,0.20201646018097763,0.415327518033494,5.82469361811094,7.83141261619558,9,1,7.47287304289916
MLTTR_1000,0.30283336138315387,0.11184001597660816,0.5860269339396418,3.116406944444276,5.366097602827178,0,1,6.4823263697561115
MLTTR_1001,0.23409420250191576,0.16976200140081618,0.4740370192304484,0.0,5.750276132293932,10,1,6.15506914216775
MLTTR_1002,0.25890368377480155,0.40288400512325967,0.6411509970667959,1.1416110162594983,4.505454630543026,10,0,6.523063962603991
MLTTR_1003,0.2599609032898842,0.3453878109519549,0.4356093783297658,5.1248849352363965,4.685145693902022,8,1,7.109854292146846
MLTTR_1004,0.1843587360573303,0.3396430220290865,0.33648621077481544,6.033859333435945,3.2361318085023205,6,0,5.833249927135134
MLTTR_1005,0.05773298489555871,0.5006549550592994,0.6350072625887284,4.0956353387140645,4.786673575398848,7,1,6.356550273745954
MLTTR_1006,0.3477943087429755,0.7110881489254547,0.4204595642992722,2.0859541863434883,3.4922416036892363,3,1,6.0055335192363
MLTTR_1007,0.1500482165158991,0.6155125431740869,0.4586733478085801,4.613133070910603,7.274485348575617,4,1,7.302852717457321
MLTTR_1008,0.3117844337616763,0.3734928860452828,0.6104123522787217,6.725550756560503,4.568917861125837,2,0,7.526509193639661
MLTTR_1009,0.266603970760019,0.6096846674137546,0.40038299774852887,4.8386123698552375,6.473162270088633,1,0,6.567926802938236
MLTTR_1010,0.10480168108109611,0.3095371476567405,0.6756821498490068,2.047454524788924,7.566282953693776,0,0,6.485333806869523
MLTTR_1011,0.6379734532567528,0.1456275829954704,0.3114698403720514,5.8416577647597245,7.0285783009371645,7,1,7.879843264834851
MLTTR_1012,0.1412867016697972,0.41408732183785735,0.6044061974052172,4.532656947325475,3.677409613695199,0,0,5.388014116943511
MLTTR_1013,0.20685165238225753,0.2495077722653278,0.6412875703453584,4.584375128130441,8.311758850374604,1,1,7.357808557397566
MLTTR_1014,0.26573517640497873,0.04237367037512397,0.5491290862286841,5.044093448571534,1.287010273472927,7,0,5.849688537827492
MLTTR_1015,0.14568534764840446,0.5541768995629306,0.37785083536877784,6.0225578326675,7.826311966754815,6,0,7.284543078681172
MLTTR_1016,0.25828954270837506,0.39561824170905907,0.34193285949096763,4.710783652915999,0.04861686303191792,5,0,6.296613773808495
MLTTR_1017,0.5694923562887442,0.9383402618464421,0.6084344126549033,3.0376320272250688,3.2352469364903014,6,1,8.383484613133538
MLTTR_1018,0.15997311833254235,0.5513698745532633,0.5920148673184655,4.705819948705727,4.8689857223139565,3,1,6.426590316723982
MLTTR_1019,0.43583490753258725,0.48643115203853193,0.6122233248597224,5.183455352256218,3.61242011415042,2,1,7.608775011962007
MLTTR_1020,0.09243927733321622,0.9659776214760194,0.6909355537770451,7.232528570866343,0.8548917063288153,5,1,7.799778913269737
MLTTR_1021,0.03423377175799835,0.38648897215396044,0.5419408920762108,2.5230253050198903,2.068263636422887,6,1,5.556709777727955
MLTTR_1022,0.4915391555046696,0.25635561672465235,0.6789497066444963,4.649279757946229,5.508318777779296,4,0,8.030760767482473
MLTTR_1023,0.1483446063455017,0.7804753070325711,0.6940581939032063,3.2042738962855664,1.6393358352336906,2,1,5.726037745872887
MLTTR_1024,0.49529968074464487,0.8263543646301358,0.5354055149063794,5.446954762368611,6.257779538971181,7,1,6.966555270652896
MLTTR_1025,0.16239982119853033,0.5730684393610572,0.60926278377927,3.8515272428694964,7.270400221519914,4,0,6.5734853788151755
MLTTR_1026,0.4370067918222466,0.7488002339916422,0.36560379579248836,0.0,7.66264262740323,6,1,8.12135594632074
MLTTR_1027,0.4883184775490141,0.8492259313843287,0.6994774698380882,6.784000234420752,5.501683395019836,3,1,8.142867865595681
MLTTR_1028,0.23534167620286806,0.8002652004025838,0.4985179662881719,3.620834915427767,4.915662591259164,4,1,6.92210548022948
MLTTR_1029,0.20837512133027725,0.36163459861816344,0.5006637413593472,2.7782971507151664,4.219286192302974,2,0,5.990521323262918
MLTTR_1030,0.12297766718035787,0.8184694436577153,0.5742126632801159,1.965601510777819,10.0,0,1,5.908212158889043
MLTTR_1031,0.13388339592386692,0.17430772575432155,0.6423726858743168,2.824681784516556,7.380190392684506,9,1,6.7838955532103125
MLTTR_1032,0.39795783186800804,0.36337312800522326,0.41080634353506956,2.377413320545971,6.25474933960483,6,1,7.730301859525829
MLTTR_1033,0.5008320734621242,0.4232766739340857,0.6009335212753026,4.6312408067349935,5.6695924798521276,4,1,8.743455552654464
MLTTR_1034,0.22668534972719048,0.45849838191038667,0.6328773537160799,5.199368283082281,7.156871105318038,9,1,7.890883930906993
MLTTR_1035,0.5046571319319784,0.5216701237714998,0.4584514486836162,4.762125288574721,1.236721150863119,5,1,6.567585282270585
MLTTR_1036,0.39066516796243755,0.9079732498054047,0.47574761476455674,5.616017696958627,6.701764401471144,2,1,7.585832124873148
MLTTR_1037,0.41038287872694224,0.2564344934712272,0.652877531013788,3.285644658540695,3.877379065603593,1,0,6.697714012474814
MLTTR_1038,0.058827912384248726,0.8424647905639391,0.4337596107600811,6.095640354197495,0.4525000619793582,3,0,5.910696368568013
MLTTR_1039,0.6773987837533431,0.7861971598429827,0.6223744112450385,4.7099599298985355,7.18025863728405,10,1,9.050900888499594
MLTTR_1040,0.19875763947788835,0.47082760709648325,0.6560519409512111,5.782934682732496,3.503290897107422,8,0,7.710823019169905
MLTTR_1041,0.5336668192937115,0.3023031193335963,0.4456186794810331,6.117593132263877,5.868196437102094,1,1,6.829868531018453
MLTTR_1042,0.58883575559961,0.8212839513066571,0.4263738553072932,4.194789570025623,3.5516119812622398,1,0,7.135494809302679
MLTTR_1043,0.3367517110887137,0.41783348851166674,0.37490336607165897,7.342072117496437,4.218425891764946,4,1,7.637618573732834
MLTTR_1044,0.3663405389804302,0.3088676037177637,0.3806630020073262,6.4797473167967174,8.180039199681246,6,1,8.626745494877332
MLTTR_1045,0.47160676620167047,0.4215033032114066,0.6445353530338322,4.116094958889875,5.661611700915505,8,1,8.158583890829966
MLTTR_1046,0.2612742628673849,0.6023515756973923,0.41171429259952363,8.35937519150569,5.782402456599736,6,1,8.763143673452994
MLTTR_1047,0.506556797724717,0.34548525771532973,0.4078860246571596,8.175611674893739,1.9146533856835601,10,1,7.734867828524737
MLTTR_1048,0.16499765147297069,0.4392168538283008,0.5604186787052585,1.914396589430865,6.788113831092293,8,1,6.193113577103051
MLTTR_1049,0.15536499406422383,0.8425361213267161,0.41336832936932666,0.5225284983281302,3.7364551527796377,0,1,4.921775589481921
MLTTR_1050,0.36627707994486264,0.2539248508629131,0.4130325347914613,3.708557895638468,5.9333861844946405,9,1,7.902226721596597
MLTTR_1051,0.19735806089141383,0.24440080319975438,0.6724748561815207,5.8309579353760945,3.002822354512648,5,1,5.846310939708138
MLTTR_1052,0.06575825691564605,0.111687624928515,0.6959233992806149,6.751428312875597,5.731637164748305,9,1,7.120249362742081
MLTTR_1053,0.11657880803667826,0.6393106201920871,0.6052725976719886,6.220596482581385,6.090540424073319,2,1,7.154854501316134
MLTTR_1054,0.4257999586864064,0.38259642975029784,0.6139594137749789,4.898335016077507,2.128887400278646,2,0,5.917015774020775
MLTTR_1055,0.3385995368541919,0.3152524209472252,0.44943854634804564,6.817643555037587,5.635295653039881,6,1,7.049292563056371
MLTTR_1056,0.48488373554295155,0.708587345265754,0.4398249317272591,6.3209317890096965,3.2531570659441504,8,1,8.834329400274768
MLTTR_1057,0.2135052052232036,0.6349851277023842,0.6273544504482851,4.071350426374759,7.468886831346342,6,1,7.607875506353419
MLTTR_1058,0.029209461386175226,0.7449192014552769,0.5105087503840889,5.289124392106116,5.737260956058768,6,0,7.028071230090245
MLTTR_1059,0.03609684003675353,0.6536769445330476,0.3838740046704485,7.009970235345961,5.115423842493301,5,1,7.089735149451303
MLTTR_1060,0.5269977297651073,0.15777672252630526,0.4302389780564619,3.684476384565865,10.0,4,1,7.3273821411727
MLTTR_1061,0.20534811336062953,0.6582751763814538,0.5909993764995529,3.7061924599692238,6.6593644082679,3,1,8.454968270484802
MLTTR_1062,0.15263205024930218,0.38869243244701884,0.4549606775344265,3.3007331513562774,4.263880221498424,0,0,5.182510715081337
MLTTR_1063,0.19853304193927335,0.574643389995364,0.6239525273641446,7.788997967994627,6.739299772659456,5,1,7.731840427207851
MLTTR_1064,0.06933074767517658,0.6554929090074472,0.38915011510831354,6.247638045814038,5.576556944911191,6,1,6.510859785940003
MLTTR_1065,0.3361386282418893,0.805731038486426,0.3007598067076219,6.586151115188271,7.682296054333834,0,1,7.631189491217118
MLTTR_1066,0.09438208507926023,0.4581212405491574,0.35726853953784177,4.211484396390265,3.045081174646687,4,0,4.59165564061278
MLTTR_1067,0.20122123395719826,0.4569646939043252,0.34283282746722077,4.885238609988265,8.88882984368431,9,1,7.620810329647809
MLTTR_1068,0.20433738488212727,0.4997549554879382,0.3753597615277655,7.311240749010852,4.017704515174851,7,0,6.354758202917049
MLTTR_1069,0.34971716692087407,0.5361840292366404,0.6910459329058054,4.396250812420549,4.274640078622351,3,1,6.3960959032435465
MLTTR_1070,0.26434370595724316,0.5107182574015332,0.5608982220644629,7.251572313089686,3.5749266796357952,6,1,8.048496295691697
MLTTR_1071,0.09714818275440448,0.3992540894611962,0.473467187032783,4.902985843837576,4.4273214990634,2,0,5.977322653748238
MLTTR_1072,0.3195203344854248,0.5825469076249044,0.35701604692749545,4.897989342365064,8.797947216766845,1,1,7.957582003703124
MLTTR_1073,0.15449642167870026,0.43373504414042724,0.6239582145156177,6.024710353396654,5.383479420114878,8,1,7.555392166723209
MLTTR_1074,0.219323304926863,0.7954944311771754,0.5555376328435693,6.619460079594619,2.909851389005211,7,1,7.736506540920584
MLTTR_1075,0.41202224409107496,0.7427168788339218,0.40498870949648264,8.36992364654716,4.722423049540096,7,1,7.8247466258281335
MLTTR_1076,0.13415937736036349,0.654877464697863,0.4917287750403334,4.271371197442258,5.512372919274843,1,0,7.530069769588032
MLTTR_1077,0.2088425042054973,0.4803785341271036,0.6390733849571879,8.239229360448567,6.914315470538148,1,1,7.5000306119677616
MLTTR_1078,0.4540527167686032,0.6691276537224576,0.6845195277830645,3.465868071647514,4.3891226955657325,1,1,7.0957956385330405
MLTTR_1079,0.10427471551813366,0.5640273653691034,0.6804327270881454,3.273892976588639,5.406189529500497,4,1,7.60713368094212
MLTTR_1080,0.4752041527474119,0.12173471326916921,0.5341795520536633,0.5904177662312362,10.0,7,1,6.840118991483373
MLTTR_1081,0.32130449818745893,0.8353675498730307,0.5119553655205177,6.591265883209303,4.762101720434247,1,1,7.869348661615148
MLTTR_1082,0.14276092579664815,0.6858451928462099,0.46778129047587436,7.8380923595985035,5.254787931937307,10,1,7.584892667792743
MLTTR_1083,0.1302941315551456,0.4320235395934429,0.303156786130464,2.61504589244285,2.6665549913270103,10,1,4.790379431687996
MLTTR_1084,0.41495496369009244,0.8185759367941186,0.41800396626742836,4.321460563036124,6.908296000214923,7,1,8.253598965456094
MLTTR_1085,0.27561178052662416,0.47103308080996303,0.6302525286253311,4.451750094432793,4.110229664517687,1,1,7.200711514243538
MLTTR_1086,0.34798464375001664,0.5792914362038808,0.4440459485746785,1.9233119237080456,8.673692059818105,10,1,7.188788300092018
MLTTR_1087,0.2909184969467287,0.7413548349426748,0.5628366401577156,5.091147296696549,7.41581038075176,8,1,8.70753092280801
MLTTR_1088,0.2687505708357033,0.5227317771032898,0.6924807007961947,5.539548540582332,6.6234005306121935,1,1,7.127461890189773
MLTTR_1089,0.3188662869654416,0.9082543263267239,0.6171756943125557,3.9795358213718623,4.034266476654678,9,1,6.939252469706308
MLTTR_1090,0.10234981166382535,0.8629787142016905,0.4267974907337948,2.968049968442767,4.359105442016379,1,1,6.470308714327905
MLTTR_1091,0.6740998224461225,0.5783123599412109,0.39483031872845764,5.217737791952209,4.273425952946912,7,1,8.40908051559956
MLTTR_1092,0.07535108720528663,0.497522752873053,0.6701921234179417,6.118975743624017,5.1977234726520845,5,1,7.045732529296973
MLTTR_1093,0.3116189739321499,0.1530491092789445,0.3845312572824605,2.2009379985873316,4.338797131348875,7,1,5.03743998448437
MLTTR_1094,0.23121194234146294,0.43205415144815873,0.5856287990092577,4.763523319138036,3.9649247070147124,2,1,6.757779580187547
MLTTR_1095,0.4655108005287482,0.6137025040232058,0.5552668583160815,6.05116775548436,5.225477373975414,6,1,8.31084949901229
MLTTR_1096,0.4056217427011687,0.8306772991813216,0.5252877555725275,0.0,4.979611434196661,3,0,6.520087881659875
MLTTR_1097,0.36359795314763543,0.7262504504263969,0.4244651374366538,5.588722033652705,4.282550620626031,2,1,8.129917166072614
MLTTR_1098,0.5671071043905068,0.639248470245399,0.689681953723102,8.31066831134222,6.830163813254555,2,1,8.646004586889623
MLTTR_1099,0.08050326962280545,0.38854370139183686,0.6080899923475468,2.455985610900304,7.0915222010751755,3,1,5.513982231124165
MLTTR_1100,0.03276380278890612,0.5365608133847627,0.4648204921981699,7.510180036651187,3.929038538808726,3,1,7.200134454271158
MLTTR_1101,0.38057777852965513,0.17590736136826235,0.3659903557289769,4.386749250404986,9.26629850306573,10,1,7.115316369455144
MLTTR_1102,0.23103297771892378,0.114812558487347,0.46330174706681243,6.141995953627316,5.782435367518076,8,1,6.562892601480363
MLTTR_1103,0.45952926820556667,0.4160096692008701,0.3179371564732547,4.6506325000274815,7.45314667443,2,1,7.510962955304427
MLTTR_1104,0.33962473898779205,0.5591677992769434,0.3743068821848088,2.733703157260106,8.742716405507966,4,0,7.406512349805315
MLTTR_1105,0.40764714584052036,0.2619365048216195,0.39512027204683337,1.6210391501064336,2.2277776449530293,4,0,5.257259726046729
MLTTR_1106,0.21353368918402468,0.7093036380114708,0.36251465648351267,9.619563987081271,6.027544734669435,5,1,7.817844324797584
MLTTR_1107,0.13498122186775893,0.46269199429868657,0.5144936113697989,2.3520840154491993,6.843379789892586,2,1,4.235390204220475
MLTTR_1108,0.07304682920314137,0.1336797223084659,0.35800847640476396,4.435255551046411,7.408160672436711,1,1,6.510431273802466
MLTTR_1109,0.5613851816557386,0.4285028065833753,0.336062996166353,7.749363396726351,6.597157909213529,5,1,8.123226428565834
MLTTR_1110,0.18533458564227281,0.4853457190011916,0.32780603101339206,5.5587882808999725,7.028685779873906,6,1,7.624286307407844
MLTTR_1111,0.24953518035866465,0.8447875972118055,0.6537745211017776,5.307426596410553,2.0583720043564533,1,1,6.919602181761144
MLTTR_1112,0.2809494825291951,0.8363032072576368,0.3317595201983463,1.035224751081234,3.146194265439198,7,1,5.31841999119666
MLTTR_1113,0.544983302537549,0.6277300280581222,0.6838072634976277,3.759773038763422,6.168861350850367,6,1,8.472867367195159
MLTTR_1114,0.1736721287585272,0.7500725434871175,0.6717556154996182,2.368162283699894,1.0040703725080524,3,0,6.281969320944687
MLTTR_1115,0.0477921814103428,0.42526933615879486,0.5043063255943674,1.4643717316119615,3.9499444377774684,2,1,4.289173632178108
MLTTR_1116,0.3774468152803129,0.6544261918850649,0.6543030382113306,5.677187921618617,4.66529907973624,6,1,7.544964812489248
MLTTR_1117,0.37451505895935977,0.5943927782787605,0.30910262053590487,6.591590745239078,5.775658457718183,4,1,8.243486386874752
MLTTR_1118,0.14117412964010545,0.4819728797701645,0.601558870052426,3.464021445724132,6.8186560616113905,2,1,6.510365034746144
MLTTR_1119,0.1406323960891807,0.4534781324930643,0.512235380592292,3.698910273881229,5.5119231803160496,3,0,5.756963510797972
MLTTR_1120,0.3932044218884427,0.40025100789407275,0.5447166741560626,5.810468418782338,3.392295487769524,0,1,7.157923645903737
MLTTR_1121,0.3529101569991676,0.5376168462427723,0.6999614300322055,6.689248206544241,3.13791141566064,1,1,7.518763715745194
MLTTR_1122,0.11577870977211888,0.13903371690763666,0.364155130463521,2.9062022455636627,5.847133045832896,1,1,5.694202395495424
MLTTR_1123,0.4369474628410661,0.12017367942868012,0.4234472142675503,7.2573494937335035,6.190391819600373,7,1,8.618801250492842
MLTTR_1124,0.3821240878169789,0.8421906411027618,0.57476555900701,6.8020492715257515,5.780776929860258,0,1,8.67275256222859
MLTTR_1125,0.07486760076167596,0.5424813823854716,0.3721044136587984,4.9788688138834996,5.313673722820454,8,0,7.011404928902643
MLTTR_1126,0.42250758675719696,0.29728575415293235,0.6681703288022465,2.7984086229234624,5.253362395859397,9,1,7.887417247040606
MLTTR_1127,0.515932779255087,0.4782850110872772,0.36506807773439304,6.079141500321796,2.2801876182969774,10,1,7.294794675626376
MLTTR_1128,0.4484515285436426,0.6041072706502081,0.4572526651947691,6.320475439420942,4.982115505452122,10,1,8.121939137234838
MLTTR_1129,0.18110009472434394,0.4369395241218856,0.5994253296573657,8.409853856884496,6.541194258818998,0,1,7.522879790859688
MLTTR_1130,0.05742124587510502,0.3423251654743098,0.6470631270955303,3.796410650896778,2.8042821195964183,1,0,4.8326734463405705
MLTTR_1131,0.016816022159555768,0.9413331988804337,0.6152596543577009,8.070419984578892,5.884337231411369,0,1,7.5629234700357815
MLTTR_1132,0.1986477231730997,0.38192467159697024,0.6275231664704308,4.281093658082642,6.412361161549086,9,1,7.310694924593084
MLTTR_1133,0.5908373235664838,0.5666421040020867,0.4629313637482279,6.003330278725146,9.656663016014551,2,1,8.124024933263376
MLTTR_1134,0.5159543019469383,0.31507252844559946,0.4504631961364823,4.751431632528549,4.910077297565022,6,0,6.987518880584085
MLTTR_1135,0.02819494792181939,0.5724507690522826,0.5185032483072605,5.135835882428151,4.544941005696487,9,1,6.843229162179192
MLTTR_1136,0.07632500630708011,0.37345085056443683,0.3698794399079409,7.845749548646758,2.646414145861648,8,0,6.196201342566736
MLTTR_1137,0.6406143257041255,0.6203679722850834,0.514491716844518,3.634530442188821,2.8755365458154407,9,1,8.251716022796272
MLTTR_1138,0.3256854604880385,0.7476693086975003,0.52144155513207,6.595418799832365,1.8306238623022826,6,0,7.234736402104446
MLTTR_1139,0.4094852408049019,0.445743592589525,0.42802987641320905,4.447105832424887,1.4946117244422634,1,1,5.443616075520058
MLTTR_1140,0.38105792298994107,0.6704681487530859,0.35808945882121956,4.901582753542186,6.423849786446111,5,1,6.8346107263489255
MLTTR_1141,0.5370129145549701,0.162980623838686,0.33601252054054603,3.5700589674636554,5.019716316856895,9,0,7.026043900436784
MLTTR_1142,0.17872883146453808,0.2641044437963935,0.44321457755404964,5.364097928484268,5.6422637830246245,4,1,5.801854988005074
MLTTR_1143,0.23917486618823228,0.778515187758325,0.5162224097644059,1.065557110521687,1.8878277171518767,6,1,6.5170224329031
MLTTR_1144,0.246117822360853,0.30288936442789527,0.6937638085879153,4.465666262813512,1.0263994070939901,4,0,5.391640405829477
MLTTR_1145,0.21037806967741474,0.4581379717953472,0.37852160436323923,6.956220111216746,1.5266384950561873,0,0,6.373368658244134
MLTTR_1146,0.16738586663402025,0.4998282544456346,0.3080558704433413,6.622651121262638,8.23876438870175,9,0,8.015617254061544
MLTTR_1147,0.3956799834391108,0.6554120935850388,0.4198987232491376,1.7926419764779093,7.267996889407691,2,0,7.0843095639299
MLTTR_1148,0.2765239135040249,0.5620144468608158,0.4876043200450946,2.7764702637661123,2.380881963534023,3,1,6.332245493378836
MLTTR_1149,0.43885934607279226,0.4735830591813853,0.5316301337680058,4.165072406244121,5.237734240387739,7,1,8.160260820123186
MLTTR_1150,0.2177942400558156,0.7147919490715798,0.435117728367558,8.648887229803591,5.3734535431863195,1,1,7.984760294688281
MLTTR_1151,0.20218750491659615,0.44180202303870053,0.6655319590174197,4.13775280083108,3.0946847194936957,8,1,6.135159734038525
MLTTR_1152,0.20956660753826556,0.6301022806975489,0.3859872316281203,4.958456713107781,3.765481503239571,10,1,7.1920034952498915
MLTTR_1153,0.44527633462271,0.38932801362948843,0.4052323117111312,4.495205073772047,6.925612180873413,9,1,8.120927506776662
MLTTR_1154,0.7162116507580151,0.6860770420109192,0.40296264481475497,5.573733984547623,6.455072534878375,3,0,8.790240161233795
MLTTR_1155,0.2716899983194487,0.6977494871687866,0.6870263132174421,3.1906717561642415,6.8259180794814815,0,1,8.110154754045737
MLTTR_1156,0.10823381608104247,0.48010703115556774,0.49127055008731113,5.486158906185577,5.691259777297581,1,0,5.601224592945915
MLTTR_1157,0.20185998452754297,0.5497450782448199,0.4407680412562515,5.9128511541776,5.283907933941039,10,1,7.725217581668742
MLTTR_1158,0.5468752068974908,0.3792932946442589,0.3202607212740522,7.026810096358362,6.0427872091021735,2,1,7.894004368167347
MLTTR_1159,0.1656275350104784,0.0720508044480431,0.45433656327962996,3.2488028149991433,4.745110824875636,6,1,5.325325878519795
MLTTR_1160,0.3052345264102468,0.27884664862758696,0.6216580630232782,6.7525986574726815,8.404662589398713,8,1,8.595685774627768
MLTTR_1161,0.4106084948844478,0.2920284896608935,0.6355316830634659,8.758711669688333,5.503517944240191,8,1,8.161624868029719
MLTTR_1162,0.07611006451257434,0.893020089085852,0.680508582809818,6.533509743419248,6.1268453290166,8,1,8.236027041823522
MLTTR_1163,0.18232929552242044,0.3655128009194765,0.37952898378143457,6.328762398851389,4.891874361708964,10,1,7.776319174282908
MLTTR_1164,0.2547026737025786,0.5313454708508745,0.31551879160535573,0.1801965092227995,3.739283436328888,9,1,6.218676772100399
MLTTR_1165,0.19456065858063118,0.39633039599889974,0.37120460447056747,7.6154900197591635,4.964798403331292,1,1,6.556866821884293
MLTTR_1166,0.3020383312497315,0.28819255951960815,0.32779789824725925,8.752971629937552,4.414640680734452,9,1,7.139441844055437
MLTTR_1167,0.2942385570892726,0.17483868567964095,0.6457724638699168,7.385934734581895,3.4803863719754107,6,1,6.189559510622496
MLTTR_1168,0.32331603032207645,0.3457325905433685,0.41486803937781747,5.981837501665757,6.674669870245406,10,1,8.46848597094827
MLTTR_1169,0.5401546355582986,0.5301571801336732,0.6344480720536458,6.620431493641519,9.019037054051765,9,1,8.61707104395465
MLTTR_1170,0.66336783423348,0.477389919307312,0.41571268629011177,10.0,5.63772692911194,3,1,8.168736487868692
MLTTR_1171,0.39052088261960416,0.29162610102568853,0.3414972924105118,3.585581474595769,4.864239865727472,4,1,6.252218872884671
MLTTR_1172,0.18467704343937344,0.493413279023938,0.40860403834731085,4.192908570729447,3.651549471854426,2,1,4.810814718855707
MLTTR_1173,0.1649265393158678,0.4262726050772982,0.5448801012356554,7.158219028496243,2.168397663197849,4,1,6.967024643125826
MLTTR_1174,0.37721931517602925,0.7478981337775689,0.68893542628755,5.4931766634539345,6.281086790739072,10,1,8.075072202537456
MLTTR_1175,0.13847329310791778,0.36478757980175375,0.5547496734979376,0.7289877951482469,6.210221405386556,1,0,5.530798523510907
MLTTR_1176,0.5252891204590783,0.429286344769927,0.6213176841547695,5.429556304893729,3.502380510185012,10,1,8.43916943931852
MLTTR_1177,0.02565016243999894,0.3875184575604132,0.5050403947557323,5.673824662551072,5.239237164214683,7,1,6.186038143699229
MLTTR_1178,0.5736140261973535,0.6819112598897351,0.6694018498675438,3.147268660410351,3.39344425032281,5,1,8.21089488457598
MLTTR_1179,0.43053608575276825,0.6574403616897742,0.6431885352987534,5.738457450781397,7.885609828577143,7,1,8.322897589660343
MLTTR_1180,0.08770407679741431,0.5687223180398062,0.6953419212696419,5.474633662047764,5.31108677311155,3,1,7.03353775358355
MLTTR_1181,0.09199792102463027,0.47735414099173845,0.637662713469577,1.4339094082410142,5.957531044943543,10,0,7.68426928932874
MLTTR_1182,0.3718404827806814,0.4271997741282033,0.57919373887575,6.007329680630244,8.459079133369006,2,1,8.599921818442478
MLTTR_1183,0.4941790302210815,0.7294270731533203,0.6327103487910879,9.238378306125366,0.6809095789891577,8,1,8.727358389881216
MLTTR_1184,0.16781021484638042,0.5543082984965328,0.6575565414903738,8.441345950979448,5.898424912347646,10,1,8.895376361940704
MLTTR_1185,0.5016259569547187,0.867273233451641,0.5710540540053464,2.7515226954895655,5.617293422975956,10,1,7.675520995592094
MLTTR_1186,0.3550304028543617,0.7565247208994987,0.33148907057781135,2.3765523882370276,4.5172069157886545,7,1,6.821164657366934
MLTTR_1187,0.057947457554869526,0.57281914404902,0.4752050254529079,5.107534498279545,5.134542716067555,10,1,6.615435657405153
MLTTR_1188,0.23768288098929272,0.5176621139129409,0.687079041207036,5.544922102247133,7.558901482319434,6,1,7.989621305492688
MLTTR_1189,0.11917137207292787,0.6685426517437851,0.5767850825956483,2.3417913719758965,3.797219536529238,10,1,7.347269372974845
MLTTR_1190,0.17870138156214016,0.7735018974435389,0.45965630312133593,3.523002247399237,3.8198837059727264,2,0,7.720335529098236
MLTTR_1191,0.5311648106366247,0.5208654275598108,0.6548429787142285,7.679664377337387,8.517885031387937,3,1,8.816521240535868
MLTTR_1192,0.34362713580147447,0.5313691818229604,0.44376742411436354,5.471059840317759,7.122839675581133,2,0,8.396875120226664
MLTTR_1193,0.4516945811511032,0.571465768636299,0.45696967058933674,7.043655912691447,6.071216974613851,7,1,8.961862998814482
MLTTR_1194,0.17694292103801537,0.6556083785619535,0.5147503697961486,4.925691339226865,6.7106688741582445,4,0,7.730602847739974
MLTTR_1195,0.3421177731518167,0.5422869420223575,0.5706732079777457,7.02174166353814,5.294793130453099,5,1,7.978121427896553
MLTTR_1196,0.19727061041850463,0.3133270399463009,0.5282856500903068,3.9385852096969973,4.538800733914669,9,1,6.279640837060854
MLTTR_1197,0.36602359922855154,0.20331302001857673,0.43334285775237,3.96215811946698,4.833960669529647,1,1,6.386247190547226
MLTTR_1198,0.6728738699308656,0.4604043334448594,0.5250128590370777,3.106712308897876,5.746148249250998,8,1,8.579377169021935
MLTTR_1199,0.4001321353405899,0.969801555962479,0.4409224605487376,1.1862698199796573,4.213436641259652,4,1,6.901116313414232
MLTTR_1200,0.10568274284039553,0.3318396745724099,0.5679381301492024,4.201093098947262,1.9827296570959985,2,1,6.052475408871482
MLTTR_1201,0.8236149140236322,0.015619209221540297,0.5230776953168655,2.2990943280016163,4.808030423275244,3,1,7.380224402236726
MLTTR_1202,0.2971157635926541,0.24401134914017408,0.3429939006176373,4.056020503375294,5.687597407410061,0,1,5.696404519244098
MLTTR_1203,0.4094717289225627,0.2574176554179551,0.5522780113548521,5.2680745865531735,4.869235237412373,7,1,7.771792551767664
MLTTR_1204,0.3362480448031315,0.36570497079828124,0.6759566343365873,5.326729323101555,6.459831916213905,6,1,6.955820051447921
MLTTR_1205,0.2595203036610859,0.21605107027567635,0.5491132835326309,5.7624259248450596,5.712772096653173,5,0,7.157189362856427
MLTTR_1206,0.2124970152647295,0.2054710980441521,0.329428294759914,4.200826074679265,7.039305389689064,8,1,6.851101068762699
MLTTR_1207,0.08973393869081632,0.6021598470738974,0.5209674370494688,4.867620425206992,5.387546107748558,9,1,6.99524505926429
MLTTR_1208,0.20774073636227758,0.451586218009431,0.3652979788050577,7.274934277854042,4.800967007098563,10,0,7.3073564176069
MLTTR_1209,0.29029551112983315,0.3420555114186221,0.46709027952674254,4.6750263962706455,6.274073279354953,6,1,5.642015210792492
MLTTR_1210,0.08745250515990347,0.7731213166020368,0.3660213944513601,5.0350691243383965,6.882934824941492,7,1,6.231905574218803
MLTTR_1211,0.3452719986232128,0.8972966073362373,0.6671256204111531,0.11947198151130323,4.272687469596411,4,1,7.352247252111352
MLTTR_1212,0.47323081850275384,0.737005962635977,0.6093805763816855,2.7883989961634557,3.4534774792350964,2,1,8.163354562153508
MLTTR_1213,0.4147647807940833,0.42059276159973025,0.5283542461620713,7.151983826772396,7.776414811129133,1,1,8.188081999671256
MLTTR_1214,0.25686349449607915,0.27398300033153805,0.4190260173990137,3.2589982153857893,4.110866236876354,5,0,5.903667028201047
MLTTR_1215,0.11009804895316902,0.8256860172242431,0.34131146359560555,2.8382871713030804,5.87719494013258,8,1,6.941580278569706
MLTTR_1216,0.13789905588908744,0.2713840865328029,0.5839953522769554,6.897171860987505,4.22169721680642,7,1,6.319355954567093
MLTTR_1217,0.1975628011947575,0.7884899746402847,0.396647695498096,2.538084485543952,5.576244103219847,7,0,7.457057694321486
MLTTR_1218,0.5456506452591549,0.48382770946155024,0.6634879850224482,6.941629857116707,7.882988650601099,2,1,7.864359812275184
MLTTR_1219,0.1773876918791893,0.2735105201429456,0.6511100201242574,4.774455903500888,8.456625202106775,0,1,7.3073805405252905
MLTTR_1220,0.1359056953941131,0.5959381428070457,0.36493884885461375,3.7250183261512495,2.571111374447234,9,0,6.1955442519556305
MLTTR_1221,0.1711802055423143,0.728299848812162,0.6987771398976306,0.8964979735098959,2.3027183215694658,1,0,6.436714695866477
MLTTR_1222,0.16244639704265013,0.5917940477747565,0.6875276239437427,7.606118404505867,0.0,1,1,6.83696768359436
MLTTR_1223,0.1440495703854382,0.2794530351337394,0.33156534624225553,1.3553331409024811,6.305778484824754,5,0,4.0835706177892614
MLTTR_1224,0.3551714969814879,0.8380190020654431,0.5043217667580387,2.5187941589557896,8.207499125859094,0,0,7.415863780215524
MLTTR_1225,0.10016240505696751,0.3627210936906625,0.416510767857151,6.531647610042464,5.653191738318638,6,1,6.29379939098534
MLTTR_1226,0.14226185237728492,0.39272140378552023,0.551653509512446,2.495498989901192,4.565744957212107,3,0,5.692942108348293
MLTTR_1227,0.19209299213977785,0.6967303373453125,0.6361606072011605,5.973804229385479,6.762858645920749,6,1,8.039313382219062
MLTTR_1228,0.34442402499217084,0.9345617717347215,0.40588575270562677,4.889517600849481,3.30061994121567,8,1,6.781327110592731
MLTTR_1229,0.4104156413318536,0.4553943399121318,0.3281656805545051,4.421820155355919,6.433750284124878,2,1,7.627919067851193
MLTTR_1230,0.23901185128223895,0.6358597812288158,0.4466100819208625,2.856184914824643,7.789853816597008,6,1,6.903384827995066
MLTTR_1231,0.3511002528994935,0.6472152712830261,0.37940977221592426,3.64600384632067,7.570748669574565,1,1,7.582834076920247
MLTTR_1232,0.36194241688252443,0.6040136723699442,0.5837571122359648,5.507901126143691,6.530763352369738,3,1,7.90711877819117
MLTTR_1233,0.49561984723195696,0.1687411815581182,0.4180354535776246,3.006545421919686,4.146387275305135,9,1,7.948962278761293
MLTTR_1234,0.327658109117174,0.24100530578651155,0.5394697419501541,6.216387451554583,4.4936506101275295,3,0,7.310230368218555
MLTTR_1235,0.12337167907231987,0.46812421376786156,0.34416764188629706,5.435933243727694,3.342907878191052,7,0,6.68062682810057
MLTTR_1236,0.7608736570074791,0.5079391922301169,0.40783873365752893,6.037524225058911,8.79010920800771,5,1,8.408815227886901
MLTTR_1237,0.5719541576451022,0.220569137786374,0.6070998612887976,5.419618199380281,7.583936142133725,2,1,8.168830596859626
MLTTR_1238,0.12084731452472877,0.14275916731231092,0.6325216819110702,6.079295637779039,5.017999570608649,8,0,7.238280480828407
MLTTR_1239,0.17432007032837796,0.18334952071129287,0.5208940329868568,5.716273740179833,4.999321763115893,3,1,6.135099700075948
MLTTR_1240,0.2507439965202998,0.508742656822579,0.5305435746375249,6.60268822152212,5.602552169095664,10,1,7.993163424319383
MLTTR_1241,0.221044304892544,0.478208600013527,0.3225058923354705,5.709576612641557,3.8387887216552876,0,1,6.137183559255187
MLTTR_1242,0.44222872432082855,0.6976199554366801,0.536600982578114,5.600336212388556,6.151365006989503,7,1,9.123218816523037
MLTTR_1243,0.26707623795833335,0.20714003872325829,0.5338397656288291,3.133265492393106,6.110969945087722,4,1,7.15238258897511
MLTTR_1244,0.34670816527433007,0.8223587510888478,0.3882600232223299,1.5235848973306894,5.982092712026665,1,1,7.490655815454795
MLTTR_1245,0.18907786822470338,0.3650273174161458,0.5898221325774156,5.0591291512855125,5.231224777843207,3,1,6.701643143417355
MLTTR_1246,0.09287529516966228,0.5685077853245049,0.3503326658463874,6.8659831664053,0.20469730302355682,9,0,5.765603517054777
MLTTR_1247,0.043661422835717854,0.6055031520177835,0.5129210750170832,3.1071510780478997,4.747803489433954,3,0,4.47488313359981
MLTTR_1248,0.38648525841397324,0.8982153806241744,0.3370341779054085,1.7953251991234631,2.3639685278635207,8,1,7.29168252294066
MLTTR_1249,0.18523116020598548,0.46308756661538336,0.6385160038839169,3.868164717483545,1.8236696503305043,9,1,6.18841673499682
MLTTR_1250,0.32111883802802443,0.1720191068056663,0.4609976476737292,5.672796578484022,9.526482924480563,7,0,6.074630955303597
MLTTR_1251,0.09462837723839664,0.9122201786831785,0.6852151909540312,6.65704528895059,4.147711021546806,1,1,7.01859750879239
MLTTR_1252,0.3070728937742551,0.9033588151407876,0.4799105819642789,4.315406439373104,4.743899754584493,8,1,9.010353332224021
MLTTR_1253,0.3047709897599454,0.2259915198568562,0.6099314576920518,2.6131951267339053,4.519836704796252,9,0,6.000928368822782
MLTTR_1254,0.562627272974615,0.15863841874829726,0.5010848063399371,4.833714656256675,3.4414692066785673,0,1,7.121194300454331
MLTTR_1255,0.1389214080529977,0.35505331568220616,0.31975111188415933,6.308750467481108,8.28657863015125,6,1,7.392420934984237
MLTTR_1256,0.5115813041689128,0.3621654898469654,0.4272149513463721,4.8498096938679955,1.4851906382292666,7,1,7.410087299899245
MLTTR_1257,0.47300855495431854,0.31220883209712774,0.5348745938622681,6.968265836630318,6.047427734597049,7,1,7.643413698728243
MLTTR_1258,0.16459225935081048,0.5793543528477431,0.6172313666236191,3.953408893847244,3.9501360699038868,5,1,6.835533959097841
MLTTR_1259,0.1668949935700192,0.5323235668012005,0.3255874182847434,6.688815798606541,7.597410157904137,6,1,8.09417488887407
MLTTR_1260,0.22832964541868575,0.3402903207726153,0.5035085805228788,8.213178168792954,6.763618153385167,10,1,8.278863011714904
MLTTR_1261,0.1872262542309691,0.46394216027283103,0.6096204977163031,2.9749592845598527,5.2570342405660195,2,0,6.4130673094277855
MLTTR_1262,0.39661826092397584,0.2755815372365431,0.3869063691715521,3.2272131488761477,2.156537954225871,10,1,6.5947601848676705
MLTTR_1263,0.16782844907713537,0.431976451736433,0.43820160977025135,6.248509427242579,6.6393660223955475,0,1,6.518163845406582
MLTTR_1264,0.32578086175286514,0.25508933034131226,0.4149099573286441,10.0,7.012916067321607,5,1,7.24625922952575
MLTTR_1265,0.14232590146949115,0.14647976474542723,0.5963249222610634,5.964966642519845,6.389776599425213,6,1,6.194852603965051
MLTTR_1266,0.18610637841837344,0.7073628584167467,0.4148091599815533,4.903800308123036,4.519875803435308,9,0,7.3687259809070005
MLTTR_1267,0.19392037717574212,0.5876600349344653,0.6632526445084818,7.561294789608862,6.334551670132424,8,1,7.998702874078634
MLTTR_1268,0.5338826635869344,0.49907881393849723,0.6325907358832707,4.7318636876635365,3.569863435444403,8,1,8.096883866580432
MLTTR_1269,0.17010026507886905,0.6101499411294167,0.5194214633740317,1.739045004633304,5.5764245465106415,3,1,5.068729515705857
MLTTR_1270,0.23734045938000722,0.35263074012197604,0.691103957772525,3.0585878626926473,5.813207327878988,8,1,7.5760696982518745
MLTTR_1271,0.5655668375281832,0.6142625936046443,0.4275125174741965,7.641592536220957,4.632287389589476,7,1,8.432157889971375
MLTTR_1272,0.052949324125081576,0.5915090731440049,0.3050063588150375,1.609227353580383,3.142283220741367,3,1,5.513543228486024
MLTTR_1273,0.2512303367700805,0.23474446978342348,0.5722762196995621,2.124468048621377,4.646247835871525,4,0,6.092347141104776
MLTTR_1274,0.25506816221489237,0.473153628790354,0.6252642833331445,6.588448577797843,3.3580306858812468,8,1,8.321898380554163
MLTTR_1275,0.33424321029390786,0.6759175353983972,0.6765748036504609,5.252858986907789,2.7342884978670234,1,1,7.924989384893095
MLTTR_1276,0.07961463564432247,0.4795602049507308,0.36759793528331874,7.36423670792122,7.145839499849074,0,1,6.384035092000803
MLTTR_1277,0.12517971810548023,0.26736189601158883,0.3138692272400061,2.84849735580397,4.778706630347613,5,0,4.8229886121759264
MLTTR_1278,0.17758657136292463,0.36215933423530045,0.5362731782059134,3.4946713749903395,4.064595818637469,0,0,5.6912712436909985
MLTTR_1279,0.21526459145800464,0.32984828469007643,0.45920403884016686,4.265774808088178,4.061181741342576,10,0,5.876023092172519
MLTTR_1280,0.10766923306157374,0.3263224598971716,0.39226869250153895,2.4957702585940003,5.928647004777556,2,1,5.03159115077142
MLTTR_1281,0.18959924666827288,0.543421954027626,0.5674161917878966,4.492346698088595,4.440752430762506,1,0,5.8271179414149685
MLTTR_1282,0.5086969909988666,0.4661033008216958,0.5094425894430407,4.616249242310613,3.685198373916617,2,1,8.08779702924297
MLTTR_1283,0.1181093730862352,0.07274173069630108,0.5451795816029279,6.680895711251479,5.606967674424136,8,0,6.730520946157913
MLTTR_1284,0.43252069226969375,0.24757917720781772,0.6689730431698191,4.783759809512197,5.35363826869168,0,1,6.979910104074614
MLTTR_1285,0.3370906033036314,0.48496941829322404,0.6438879652502015,4.160106122555288,3.2984821086095444,1,1,7.1722123254209516
MLTTR_1286,0.41679018548829666,0.8460682273082888,0.3707807800842949,5.942255609853247,2.9598304770342416,9,1,7.356476638856843
MLTTR_1287,0.5351791721281883,0.33686066053855895,0.3255917269962666,7.1621507193701905,7.631774740597274,0,1,8.856440194343788
MLTTR_1288,0.149505429277948,0.281953617915784,0.5586562593315638,7.027893292193874,4.522590805743489,8,1,7.632576996006314
MLTTR_1289,0.2791898706654687,0.19055765768856667,0.3040508328313483,5.509275726115304,7.442241527123414,9,1,6.936305876292214
MLTTR_1290,0.4599579035161428,0.6043761229964951,0.38368532728182114,4.2003013083382665,6.246380626912826,8,0,8.442617566141228
MLTTR_1291,0.3151397047025124,0.45102748806649495,0.66694294246672,4.015678148382638,4.929292695297865,10,1,6.802740551702758
MLTTR_1292,0.1718096662998079,0.2131005568113335,0.4562069199380803,2.353414123031719,4.5970325803119625,8,1,5.645973658910159
MLTTR_1293,0.07418941529554873,0.39869232594489806,0.5927684532760271,5.092692435443649,8.275788623365363,9,1,7.102278298416447
MLTTR_1294,0.5667346527376055,0.7812266446585386,0.5634063783570363,4.908647991758673,3.8023992522287013,10,1,8.66486035234462
MLTTR_1295,0.2885395381242869,0.42134273764939534,0.3447513499629826,8.238434849082665,4.300492530578029,9,1,7.207789414155811
MLTTR_1296,0.30193681623978735,0.4854795660137442,0.5977518343940182,5.391080252883638,3.44364430079992,1,1,6.312167725875295
MLTTR_1297,0.2647510452367536,0.0736872813879436,0.6010112468842159,6.444409256215753,4.761133660296615,1,1,6.732754025629394
MLTTR_1298,0.3072217648974947,0.5137323773966683,0.305744884757747,7.563485997572462,3.2195141028650114,5,1,6.617495591513433
MLTTR_1299,0.4075876275108285,0.3474908885743195,0.682863630056261,1.234042403696713,5.295628336697922,3,1,6.1158499410900955
MLTTR_1300,0.09635758230097756,0.20393113456723597,0.3412197208320986,3.670931626726664,2.5927627319344477,4,0,3.5310239349278794
MLTTR_1301,0.18912034536176753,0.645920612971219,0.49002573546607,4.487448422556418,6.090863033847517,4,1,7.182551290842458
MLTTR_1302,0.14640168259707892,0.3009504989447456,0.49257512213997046,5.1964678393580614,5.72994400727136,4,0,6.633916136031149
MLTTR_1303,0.507935750921411,0.7938744939149397,0.48818536135579305,2.6970822526140172,5.482211584099697,6,1,8.143226756993757
MLTTR_1304,0.2688602033518754,0.8704085682170983,0.6972720332620208,6.667665475685547,3.877774377283196,7,0,8.988802245384464
MLTTR_1305,0.2871053111411681,0.5181156634952705,0.3694747719542104,6.760674058491162,7.588343462947506,7,1,8.32548851459909
MLTTR_1306,0.07793454765728716,0.41821889187920375,0.6231166769160952,5.958690315177247,9.015299210225034,3,1,5.903637641609413
MLTTR_1307,0.44754140304979007,0.4398343077139266,0.6515640950171444,6.31414739180755,4.8043670488601435,10,1,7.957923594980081
MLTTR_1308,0.044914307926775,0.5776046018334676,0.35778479096376264,2.7697220078194635,3.5430282364237806,10,0,6.92307996145732
MLTTR_1309,0.18843052323720608,0.5583347165105348,0.3010330096891159,7.221420955563667,6.327477913068287,6,1,7.4114880622039685
MLTTR_1310,0.1583039265648134,0.651869281971424,0.40339756725852116,3.7393855675706646,4.64522211874366,1,1,6.162146939578316
MLTTR_1311,0.14901298585429304,0.7575400392742652,0.31767219381946893,1.198100408351912,5.342980719491561,10,1,6.694127799597026
MLTTR_1312,0.10830576437084916,0.6159606529113061,0.32706952714436544,5.204510596827272,6.332303658432492,1,1,5.483271495288336
MLTTR_1313,0.19756865834258794,0.0267620303991651,0.6312822512342886,5.800380236604651,2.383486348708355,8,1,5.716443418741398
MLTTR_1314,0.13360124081403596,0.14579100398542855,0.31036562296953585,3.595236131251525,6.488018806241408,9,1,5.829225120709791
MLTTR_1315,0.3405702371834973,0.4841820271089476,0.40619147906768405,1.6554090408090931,2.99836345891068,3,1,5.114736621225114
MLTTR_1316,0.4420238615884923,0.672082462921577,0.33086023519239,2.6647814237357483,2.5988512721963497,2,0,6.503721363012599
MLTTR_1317,0.5725799899016722,0.6508460594480939,0.35660827127659306,4.654700686749425,4.294743771233688,8,1,9.124099498445858
MLTTR_1318,0.27003910336179743,0.4903570308603818,0.5166978945311052,0.0,7.93234326048359,3,0,6.388810592509305
MLTTR_1319,0.4349857447496156,0.7243625417050271,0.6633593111374866,7.003990821608631,3.8114927284812175,6,1,7.5679921958800165
MLTTR_1320,0.3134442627456728,0.42851342458296054,0.6484899094140464,6.95140999105009,5.971570536342706,4,1,7.669505889251739
MLTTR_1321,0.3832655171403689,0.344618751066806,0.3453515935523024,4.598443251506616,3.2208029003461407,1,1,6.2877363151935945
MLTTR_1322,0.497034241987947,0.28604578006405534,0.6329203835026289,7.066909251684745,6.286246084405225,7,1,7.201890477370078
MLTTR_1323,0.10629644268919909,0.5404080004999199,0.64735338070091,4.6288096742191325,5.683979792072032,0,1,5.609130187152719
MLTTR_1324,0.1713409526515817,0.417833305168184,0.39957749434195666,2.693024505821384,7.32990262805783,9,0,7.158181314258354
MLTTR_1325,0.5094825069532394,0.620215265375768,0.38299971447314457,6.217379641160754,5.406733099230362,6,1,7.606107892197689
MLTTR_1326,0.10317621571451571,0.2949337292453204,0.4461009346646624,6.0742653745974735,5.066129116307556,7,1,6.2484846514305685
MLTTR_1327,0.05075220023376644,0.3242638107412976,0.6116267009636907,3.1075741501176304,1.366511623773278,2,0,4.730280566345068
MLTTR_1328,0.08302116622785795,0.6510219622905702,0.6965841152522586,2.144232932494669,5.674699578928544,2,0,6.3163070709200495
MLTTR_1329,0.153547416726683,0.7360035737803247,0.5158998448000753,2.996080726308503,6.610002102265783,5,1,6.620661065842423
MLTTR_1330,0.5206256782954761,0.5429918341244125,0.46206829516401265,7.2859178558755024,5.444678504539115,9,1,8.239463768498489
MLTTR_1331,0.10916055922224134,0.6945169820737745,0.444714746989809,4.349541717659051,5.410424431401963,2,0,6.542614533966677
MLTTR_1332,0.36490342736863957,0.07387315092747948,0.47958570015155844,10.0,6.15966653490986,3,1,7.684581360700881
MLTTR_1333,0.31470877902229744,0.21483769840693517,0.3975941297032908,3.644678906215195,6.764096314488555,5,0,7.064195772903557
MLTTR_1334,0.3520368693379781,0.23910708073784295,0.5820573100547963,6.161935700324488,3.2834034226095685,0,0,6.1635880401505
MLTTR_1335,0.15791436766545908,0.22324461089875045,0.5328981256355435,5.597332543141304,4.9065840933206655,0,1,5.926914623044809
MLTTR_1336,0.33859107805779487,0.21492459083578735,0.4393384666964413,4.5096540982915485,5.8980443999580565,0,1,7.112794247455283
MLTTR_1337,0.09570383791165113,0.24295651458918854,0.5820073252469458,6.622340419014016,5.5531223114486155,4,1,6.031965924310625
MLTTR_1338,0.16110245905828063,0.6235107054546796,0.6123557510011047,3.246210250864772,3.163422833022874,9,0,7.379649841926606
MLTTR_1339,0.7379962902014946,0.6728642107455983,0.3746753989039171,4.844774225238783,1.1407543553390669,0,0,7.4534292022889534
MLTTR_1340,0.20566551797083962,0.6227283158833598,0.4559185296679986,2.6142694503149095,5.679085997085921,5,1,7.912721995253024
MLTTR_1341,0.4116535949957473,0.14468162655173464,0.5495363362833611,0.6003988131508109,6.4662355972037835,3,0,6.4143292145580615
MLTTR_1342,0.28205904418176403,0.3961715574992256,0.5984213287340516,5.093375831335798,8.348869521746561,2,1,7.708956695125663
MLTTR_1343,0.621277257679941,0.20234079596264837,0.3263985714985771,2.6709879763753808,5.8793112320397185,4,0,7.689445118898604
MLTTR_1344,0.06517392489541868,0.5602571743990368,0.3424442083061984,2.357708647305461,3.333327892400769,0,0,4.0070112502583415
MLTTR_1345,0.5763083045063909,0.764414999265191,0.611175068974571,6.116144523994355,5.922110442154608,2,1,8.360030096057157
MLTTR_1346,0.48514849420308154,0.2510258681861379,0.6036590662240137,4.630474031124916,4.820318471269072,10,1,7.697352174191865
MLTTR_1347,0.2790757515505273,0.43863185645841324,0.38426528002656773,5.725784386800171,3.707879918470881,1,1,5.727337478817066
MLTTR_1348,0.112461575714734,0.7179043467093102,0.4556283372918061,8.407173515898691,2.214534982383723,8,0,7.109187926698369
MLTTR_1349,0.13229671659152667,0.6658788975986697,0.5726425884712615,5.315321003003014,1.4532801252660326,7,1,6.8420823653687775
MLTTR_1350,0.2757105468332259,0.7058539819303671,0.5034537267407138,5.860641753315095,3.6680117646871024,8,1,6.364002842164844
MLTTR_1351,0.03336155046910651,0.8887484941129649,0.612539588074992,2.579141047461746,4.218702660871602,0,0,7.032655264066578
MLTTR_1352,0.3375201124010471,0.573651997003858,0.38251256301851,6.6279499715892,5.164046407602634,4,1,8.188043177512409
MLTTR_1353,0.19754907317213985,0.6023224065888297,0.4681643046363574,6.65889249376103,5.0770321844732615,4,1,7.191414807592584
MLTTR_1354,0.39916384290638923,0.7569999656957653,0.43153277102209814,2.862988791216757,5.491746839128657,2,1,8.239248384013896
MLTTR_1355,0.05019836416355557,0.8891949073968622,0.634878004206503,6.267470151014913,8.808193342713526,2,1,8.87056060701397
MLTTR_1356,0.06277733543862853,0.13315225776200773,0.43210457065165814,5.596089821478948,4.914910694224494,4,0,6.07710417952222
MLTTR_1357,0.20857265755541096,0.9003631254098258,0.5907622273069768,4.531659354690543,7.744130796450145,5,1,6.644522837540764
MLTTR_1358,0.22573497354216812,0.2264595446126572,0.474417940614407,5.129490964706573,3.5043478422920527,7,0,5.654696752222167
MLTTR_1359,0.13339785276947785,0.3860762273169421,0.3723073789697944,9.79487317999302,3.611786214120252,4,0,7.820955624612034
MLTTR_1360,0.1397468753095173,0.4119372420763807,0.5510430097471484,3.66980188637815,4.00417204033558,6,1,5.699638518599491
MLTTR_1361,0.03143619754888147,0.9671830242467073,0.3638884440509479,4.2941964968385715,1.4952517989362342,7,1,6.217775237560968
MLTTR_1362,0.10956410665295904,0.5716270068691153,0.34713147462406435,5.163627658479723,8.304894137610141,1,1,6.8959606384035705
MLTTR_1363,0.2913334735870532,0.15767971772102818,0.6435433054995745,4.600489203492743,5.537691934880991,6,1,7.392099548622263
MLTTR_1364,0.01869044099464764,0.342098574520379,0.6585353150210345,1.317252228317729,6.4609472086566795,9,1,5.491601720221586
MLTTR_1365,0.36573627719131807,0.538663570960089,0.43922377678978036,6.254952042882867,8.44671695623257,2,1,7.926029667397968
MLTTR_1366,0.2069218553892914,0.05173562956036078,0.4459625823840494,6.801476663543748,5.927775706561957,6,1,5.67776563845016
MLTTR_1367,0.6690833829757393,0.6797874468501813,0.5414796776724722,8.418668774393097,8.25213767079723,3,1,8.734396993788682
MLTTR_1368,0.09516575977249228,0.7380822500749921,0.5472434710489937,3.835676633288347,0.3768546011448981,6,1,4.860259996127114
MLTTR_1369,0.41445915851187715,0.5123272601258788,0.5341072333773239,2.443602107306755,7.548803287798742,2,1,8.220038316552527
MLTTR_1370,0.14675700822989643,0.38943865214225487,0.4066205827149095,6.271279668304857,5.632553454473366,7,1,6.382024937305542
MLTTR_1371,0.15039871956120066,0.6929278202983692,0.6158341419987383,2.9102995030657537,3.9443787320160437,0,1,6.3888960850799865
MLTTR_1372,0.03823258636745117,0.18216859875355437,0.4207212919051229,4.956698501541536,7.177183543723594,6,1,6.082780980805655
MLTTR_1373,0.16585006951710884,0.540038952150145,0.6487486729120172,4.155113502358974,5.093023184555438,1,1,6.629336017487873
MLTTR_1374,0.010203978070966862,0.6112493407079524,0.6772532803528994,5.3418151158040805,3.652249990862428,10,1,6.914107513419117
MLTTR_1375,0.2729350550601503,0.2912883281462128,0.40872047822499236,4.070097871315265,1.1946414580009845,2,0,5.405243268381648
MLTTR_1376,0.3317606205367876,0.6236133602050902,0.5420717254011695,6.359881228390961,8.55484824224662,2,1,7.7991805184881144
MLTTR_1377,0.5329800355509469,0.4471374507535253,0.5820693842350779,3.1249891589761996,0.0,2,1,6.803811483905918
MLTTR_1378,0.23639000370768626,0.4618560040226797,0.39134957487060296,9.724827492661397,5.175303732947291,7,1,7.424324814696013
MLTTR_1379,0.06196826491945792,0.6255115715254057,0.6859638798390616,6.522587938288625,8.191084148293251,10,1,7.74513757366547
MLTTR_1380,0.32209692570533227,0.5411567462938229,0.4785457344111397,3.713373284359638,6.327016464530872,6,1,7.620186013601966
MLTTR_1381,0.2978914494038981,0.6221732102621935,0.5047203996486552,3.0355354537944645,3.7943855080139195,6,1,6.902419569912896
MLTTR_1382,0.5272580885742001,0.763355386001806,0.4402594887553559,4.590135895661959,4.502937311238402,10,1,8.700470043764884
MLTTR_1383,0.3099922555419999,0.4768514143274116,0.4588320569226275,4.0264060525093495,3.8192394140914514,10,1,7.832827334534013
MLTTR_1384,0.0807868228748381,0.2330661573782699,0.3352696898875087,3.313391635147026,5.525286030116579,7,1,4.648358081387263
MLTTR_1385,0.21848502814852294,0.41286055368010094,0.6751637748802242,7.755316563132688,4.881147136282433,1,0,7.198358492813336
MLTTR_1386,0.06325346437553114,0.5341354509232936,0.6510387775750638,6.908196625970415,2.4771179677902624,2,0,6.8897927224329125
MLTTR_1387,0.21868879321986312,0.7226487399448,0.6076619486955072,2.800778334519577,2.1155151585681224,2,0,6.640076102142428
MLTTR_1388,0.18354455511743598,0.07043242048109721,0.6993106979930914,6.085280149008229,7.289885684343533,4,1,7.719776448194164
MLTTR_1389,0.2542405936585833,0.5048735167413297,0.6470064952956148,4.995948032205538,2.499309917068474,10,0,8.42774247848721
MLTTR_1390,0.3404276665837258,0.4287435702591331,0.5465874350389206,6.507736268610667,2.7773298402042217,9,0,7.960177608816294
MLTTR_1391,0.2329953061401707,0.5385006156305078,0.3097511460918793,3.646873292362841,9.634729565168259,0,1,6.470292092406108
MLTTR_1392,0.22045539095615063,0.9589719965210424,0.6837521681868425,9.228069126028096,3.3583860899967517,0,0,8.239662306215447
MLTTR_1393,0.10526685761176095,0.6705429562931357,0.6117919140019914,5.124463228230949,2.3970597787131163,8,0,7.814994265616091
MLTTR_1394,0.41881231694594245,0.32878732207617245,0.5122208025887719,8.959230794708159,3.0837553271486717,8,1,7.654907613897379
MLTTR_1395,0.21261103459402428,0.3291527603811053,0.500740452472634,4.025056104272097,6.532182535296509,4,1,7.131586990660554
MLTTR_1396,0.023743753107896958,0.4959919341767309,0.5519122817533142,7.668220368928035,3.5248869461022263,5,1,7.226153754714748
MLTTR_1397,0.4320471239695224,0.6794975004992783,0.590720616575473,4.756382307876203,4.728443142269417,4,0,7.406295269758039
MLTTR_1398,0.39102205351429264,0.6257845938024843,0.519480752848557,8.304769704168972,0.41332831831660055,0,1,7.6016106590144314
MLTTR_1399,0.3489983055718622,0.5731527495826062,0.44129844060469225,4.610178421939836,3.7720898255551063,8,1,6.944804432700484
MLTTR_1400,0.3622173996693006,0.6634114409940253,0.3312910362604453,2.841627734188798,5.066085447330878,9,1,8.034620714336944
MLTTR_1401,0.2800079552461434,0.793104066390786,0.4592281070351606,2.8248293755358245,5.091073970415525,7,0,7.012660828772205
MLTTR_1402,0.5527417516240604,0.685495299742822,0.33792993845924946,3.704450301900103,7.911035944038111,2,1,7.655047105256332
MLTTR_1403,0.25367080831574157,0.6953117653778574,0.45228666720955624,6.1841409948389,5.997405852346323,9,1,7.269275065251225
MLTTR_1404,0.3185289655500964,0.5572473901576218,0.6494530797796615,5.725798747513542,0.0,3,1,6.571033117255284
MLTTR_1405,0.25384570896380126,0.40513884323337496,0.6201125095329032,5.2139246422826435,1.7463023723214275,5,1,6.708240351687834
MLTTR_1406,0.12696624579317245,0.3756618227842316,0.5033942117395647,7.100139445547141,3.211207370157563,5,1,6.189883487837937
MLTTR_1407,0.23086697866117714,0.26924800481709465,0.5766781876351148,8.253340131673193,4.389211301669824,10,0,7.175329489156567
MLTTR_1408,0.09980027554053554,0.538768087666268,0.47130061331411766,2.9691176859233965,5.076240487270795,3,0,5.932094894901836
MLTTR_1409,0.20968598245886555,0.655589237899121,0.5243095244349105,6.988669540292592,6.222850060029565,7,1,7.1899984328172994
MLTTR_1410,0.46070019579508953,0.4254683770043743,0.6549987715453085,9.606500962863684,1.6115653896246833,9,1,8.103081960431766
MLTTR_1411,0.26241717259983066,0.24575283098557127,0.6823902863198208,3.7441511672830825,0.5273560972846756,2,0,5.876665774534565
MLTTR_1412,0.3509791596616527,0.726989266148689,0.41195656812434267,3.848442735799638,6.543001869092484,10,1,7.40339874456046
MLTTR_1413,0.18706823271806172,0.3287773127253372,0.6069342364084896,5.790398222691012,2.964585826338581,9,1,6.172719449248845
MLTTR_1414,0.3980802946621092,0.2896354423282312,0.45263734425040897,5.441069616288288,0.2621329807820274,10,1,5.959610800242303
MLTTR_1415,0.14918653514584138,0.8438099958769113,0.48106964343197733,3.907408229209074,3.052693426848163,7,1,6.260645879534147
MLTTR_1416,0.39999158151724673,0.1847412640691922,0.4603449868761366,4.841547071180066,4.065737585524409,5,1,6.8092244215391915
MLTTR_1417,0.2218853669964049,0.6045697509090291,0.3648873876347926,8.201886201006205,2.5334485973108465,4,0,6.933965317268785
MLTTR_1418,0.45125230294008384,0.30042644588833395,0.3907716576600899,6.8143908187811535,2.6024503807655,8,1,7.61656731212495
MLTTR_1419,0.12526070290054575,0.5087194558130156,0.6507443509291158,3.369464047869493,6.967395869525611,0,0,5.5711650375483766
MLTTR_1420,0.4004393208335227,0.3945683841321536,0.5298552246836334,1.5692089455979135,2.738570746374152,3,1,5.534635413550359
MLTTR_1421,0.29745039878626495,0.32510832412300295,0.3629372554414033,2.7730123660787416,5.550836774676407,10,0,5.549994929337952
MLTTR_1422,0.6738104919174279,0.43160407070468976,0.6941520348623518,5.345407917141269,5.3718719504998695,5,1,7.846979964811395
MLTTR_1423,0.25072860261562,0.7556997721774101,0.6111953002150649,3.4153271286844884,4.226789594986613,7,1,8.054202741778983
MLTTR_1424,0.4874148010450849,0.8827513793437896,0.6053444433216678,3.303195777586192,9.654232127081539,5,1,8.204591997957076
MLTTR_1425,0.3700289638494146,0.3382544134577948,0.5172322382830454,6.4281032730647905,2.2421820252012252,10,1,7.728514750142687
MLTTR_1426,0.16534861699631373,0.6971126499919329,0.5401014548366422,4.419035606572227,10.0,4,1,7.839126981672971
MLTTR_1427,0.050270695068947345,0.4154512317295922,0.358116184003939,4.222922510536724,3.0295327612120664,8,1,4.815048981313366
MLTTR_1428,0.42000872929353916,0.3734511539168387,0.37220967912041103,5.416468743466543,4.40430164399844,2,1,7.150601615308985
MLTTR_1429,0.12182727997685108,0.6682699370020904,0.5657528258245054,7.8880642058261925,5.548867108284842,10,0,8.300244650864421
MLTTR_1430,0.533865735207956,0.6095111260756582,0.5671748425985035,5.601782250653737,7.15850642280334,9,1,8.563655438575406
MLTTR_1431,0.12444448655897598,0.5806041435962507,0.4585311335281629,6.368256385490801,6.342248144506672,5,0,7.370816415618735
MLTTR_1432,0.23910851452286172,0.4870341309603896,0.6261665749489573,5.1521676842875115,4.24571396450847,7,0,7.796427521227502
MLTTR_1433,0.42094617646925436,0.628230787635771,0.39023511922780557,8.087117850171383,4.248521267591163,2,1,7.271596451956768
MLTTR_1434,0.18252705969694988,0.5905599944965166,0.3631998746550481,2.5358238886994036,7.298544755767607,3,1,5.574918024220112
MLTTR_1435,0.43157435497308316,0.2623858184522756,0.3241105550888211,2.746194089297848,8.01613368906147,9,1,7.242652135536306
MLTTR_1436,0.39031638937224944,0.7891822453708373,0.673362666668928,3.972869845493115,3.883877082968043,3,1,8.342207565664523
MLTTR_1437,0.29152219709146376,0.6963359172509391,0.5116010305258528,9.042248491917492,7.400921277533807,2,0,7.858938261203793
MLTTR_1438,0.10236289332619072,0.8186063446805947,0.5308095852803966,8.07750016996606,6.087190303199694,1,0,8.495720699773301
MLTTR_1439,0.37969074027325445,0.152293598536476,0.5612870833926848,2.79330131617037,5.467253879013786,9,1,7.463774255212617
MLTTR_1440,0.17191747459296075,0.46574921403057634,0.3476813477244895,4.074632634471466,2.7562937126650007,5,0,4.67017693838702
MLTTR_1441,0.027674983641112635,0.31948788765262714,0.6520637237252545,6.090942165907174,2.440220508374054,4,0,5.998710979628867
MLTTR_1442,0.4050605650558742,0.5485428884679383,0.6908564739816466,5.130890919153281,5.824903959708008,3,1,8.133125666915262
MLTTR_1443,0.3066938947453281,0.9010584253795209,0.3953503841420298,6.7662656858177606,0.0,1,1,6.158572668426245
MLTTR_1444,0.04019181100997243,0.7455803839221783,0.39397957821940377,4.010420456961628,3.967847415192839,9,1,7.249557777000775
MLTTR_1445,0.24781216188876368,0.8074629036473402,0.6406532739092081,1.6822388834997075,5.816320867398712,5,0,6.246627757625388
MLTTR_1446,0.34842185207605636,0.6830858902614335,0.50338283081606,6.229112419942217,1.629604171555859,1,0,7.693071813776643
MLTTR_1447,0.22104665073298846,0.8727792162617601,0.37747715111350844,7.494930457458574,8.22555042946321,3,1,8.711556862112623
MLTTR_1448,0.5028728091309708,0.7051467063092667,0.6886575512704084,1.9240520828443088,8.290093504694465,2,0,9.08268433850888
MLTTR_1449,0.3878802736365884,0.3900722842323057,0.6350737014555244,1.2422173111579848,2.845145387684805,2,1,6.840397116438738
MLTTR_1450,0.10489387906001779,0.35558662896595306,0.4489841199453933,4.090108656442288,4.746271991519656,7,0,6.437494628892271
MLTTR_1451,0.5933600835712443,0.6778801443491114,0.5517365147395953,1.261820630107366,4.718139122921827,1,1,6.7996193421851885
MLTTR_1452,0.20638322421698946,0.7702738208589094,0.5914031923026397,5.854889243460374,3.883431378649929,3,1,7.8385911077252075
MLTTR_1453,0.33488298873035244,0.8148903169465724,0.4432099112532076,2.680438142867903,3.994679855115673,3,0,6.9949692505921
MLTTR_1454,0.43508387297490647,0.11720606790868071,0.5342173147812102,6.4789190331642565,5.93984342463734,3,1,7.609760408855317
MLTTR_1455,0.3642523389810348,0.5478958728151013,0.45147900630441185,4.311111200096605,8.305461773353478,4,0,7.341714856437287
MLTTR_1456,0.15855472545006155,0.9185472401076019,0.6376630135161607,5.262896404007448,5.146172541330655,10,1,6.862985146318039
MLTTR_1457,0.24492490444784537,0.18955503364468998,0.39115280671525765,6.32060816116887,5.190800173344159,0,1,5.948821189340281
MLTTR_1458,0.2861674610003553,0.4089481046386825,0.48017639046859006,4.5914387154044665,5.247253653412833,2,1,6.093644859778629
MLTTR_1459,0.04613850493155563,0.6851136547741836,0.32260584059141834,2.9705484126424526,3.6020655048731642,2,1,5.384394154040162
MLTTR_1460,0.17091770402983286,0.7629172242480871,0.5393488637837207,6.827953344245893,6.232070795395991,1,1,7.704904807197909
MLTTR_1461,0.4229909803141656,0.5452861461534532,0.3238075396128533,2.058927785382792,3.993571541309255,3,1,5.0217944727674935
MLTTR_1462,0.05817340690316852,0.24318087004007663,0.436530415262816,7.812978195381827,3.015722501272328,3,0,5.75804626440395
MLTTR_1463,0.13838786261078778,0.4324054901471967,0.6038007678671058,3.7817010747699396,6.288803514527277,7,0,6.456699047648357
MLTTR_1464,0.13877597438905367,0.14050260480971158,0.5175575558995863,3.944617010251323,1.2555865188102913,4,0,4.092589558328363
MLTTR_1465,0.09977001351259217,0.27178237301710906,0.43726269171222154,5.78958424817194,3.974896652456018,3,1,6.748226049914242
MLTTR_1466,0.23351137362454163,0.8467427682443088,0.49541784120590876,5.834361622721701,4.197530237592811,5,1,7.049898262336155
MLTTR_1467,0.7826486363690734,0.4250516929949929,0.34673091613909535,6.012301953427865,4.717649073282763,6,1,8.187307619677513
MLTTR_1468,0.42236557357326443,0.4917134668445587,0.40099509637617375,2.0654388847710505,1.9083727544352342,7,1,6.042397454602679
MLTTR_1469,0.5907292171290588,0.2429724161514851,0.6675049450046999,3.238752861397327,3.09206147137626,5,1,8.069671506318127
MLTTR_1470,0.350610646334635,0.5541057126274103,0.3565491013836345,5.68473006948149,4.695841080073934,1,1,7.034509998228608
MLTTR_1471,0.6244605983110209,0.6281680981252906,0.6142007437520232,5.743758807796491,6.191298008054531,4,1,8.723451039310426
MLTTR_1472,0.370361653988472,0.3880466217012775,0.5958453132201522,4.815656131921033,4.75962827815954,2,0,6.338285345580399
MLTTR_1473,0.4887723359865662,0.4402124228383915,0.5543283409207069,7.5884594029149115,4.573807190088892,1,1,7.174042583162541
MLTTR_1474,0.4055167325175287,0.9082008650010486,0.6113231151490395,4.6480327903805225,3.317760658876235,10,1,7.763146850641294
MLTTR_1475,0.4937754386272475,0.8597439673861043,0.35349985077122015,6.882464498778457,5.029954061110541,2,1,9.0087492722947
MLTTR_1476,0.075606172478488,0.7932909863161247,0.4436849340758494,7.171273342589872,0.0,7,1,7.590767657961065
MLTTR_1477,0.23992381641679403,0.45683655668047496,0.4372435579330195,5.697100637047344,6.277918474741885,2,1,7.163866069555489
MLTTR_1478,0.3688222624983647,0.47745666076701737,0.3890869986459192,4.6170297002695175,6.917694944511827,1,1,6.2141546124926625
MLTTR_1479,0.10909583223367596,0.5310607453946137,0.393747975331448,6.481796146032507,4.954471562562696,3,1,7.229549771538762
MLTTR_1480,0.2646798489999865,0.7510574369680072,0.42225856221000485,5.89909684185119,3.051878329282724,6,1,7.411941356897994
MLTTR_1481,0.4150511286192989,0.44184481637812345,0.6851982091988205,6.2429990641928566,7.651570435070319,2,1,7.267987167982952
MLTTR_1482,0.3925711150625921,0.18236387126746365,0.45295966520820014,3.2754920537924357,3.6383965381278527,9,1,5.566821790112495
MLTTR_1483,0.11219135547895306,0.7303416287414194,0.6166510181065563,5.938202944626737,7.673589384222224,5,1,8.925118468637777
MLTTR_1484,0.26243520295818046,0.877203574794123,0.5996262849934139,8.190452581155185,4.452603169565893,2,1,8.196298864442252
MLTTR_1485,0.21317572235458745,0.6523298716282867,0.5966790962367965,4.441872342142102,3.4739542038585958,8,1,6.976254053794118
MLTTR_1486,0.20855755999957906,0.3169616323131084,0.4962201811835279,5.284508866854462,4.5654437728339525,5,0,6.8842217367454905
MLTTR_1487,0.15001890830341305,0.4224336198897362,0.5032724100655096,4.531918188731977,3.6292870920401743,8,0,6.418536860319458
MLTTR_1488,0.04000373754639949,0.20965317681958037,0.3726519158047834,6.768854565873196,4.659461104167205,8,1,6.647000890739332
MLTTR_1489,0.20377112853286147,0.715817788299094,0.6538168461383168,0.8939916169916735,5.984021787831172,3,0,6.088381826294472
MLTTR_1490,0.14256700414418547,0.19549192938693905,0.44993323324730095,8.198733777151576,4.47894157729296,3,0,5.388764936059877
MLTTR_1491,0.49420530319689854,0.31194395144335463,0.5851365263440851,6.032829070372738,4.082970374845797,8,1,7.536360004587374
MLTTR_1492,0.19014519426364293,0.48100034604818576,0.6476714931096232,4.559971624905096,4.954820745511772,7,0,6.901433509912579
MLTTR_1493,0.2035744551465822,0.38472374302295426,0.528604449527369,5.5590472019016115,5.77360691597241,10,0,7.367490791526792
MLTTR_1494,0.520275793675845,0.6856630895243643,0.4456811168049897,7.261806047575522,5.0004793547297,4,1,8.553478573184986
MLTTR_1495,0.16398947640782172,0.5129660599235609,0.649756911083796,5.754166119565924,6.076205121372135,6,0,7.240638605630504
MLTTR_1496,0.6371267927926217,0.5804950967109448,0.33911789825929245,6.353458752132616,6.153111165200257,6,1,8.17411635680113
MLTTR_1497,0.5941049436718133,0.24716625401592862,0.602253745853919,7.413936006347063,5.57134487928253,10,1,8.330889971979214
MLTTR_1498,0.4932545850203772,0.4178261221874808,0.4158499063395832,5.3561587708457985,6.420868436273427,6,1,8.827764915245771
MLTTR_1499,0.2786733838990307,0.43550742584956453,0.5804051274345102,6.497388485149442,5.026053202731419,9,1,8.151901915299586
MLTTR_1500,0.2267217287182747,0.7584834565800865,0.3874888464200881,7.9597448308421885,7.2612525504362715,0,1,7.197232456885516
MLTTR_1501,0.2598386885820029,0.3063639728472259,0.6552660408024719,6.141877569772082,5.803496344630575,10,0,8.40690651706949
MLTTR_1502,0.32917703358920464,0.45267644170172405,0.48940343337904657,3.7853737086184363,6.662438639484744,7,1,6.977668446231247
MLTTR_1503,0.4488012522781655,0.6939060586006668,0.3458261597453555,6.561727335379562,4.616261237338442,2,1,8.348160770426468
MLTTR_1504,0.2545258896462824,0.6138503986486725,0.6214018521196343,9.08457516826734,2.186295221113585,8,1,7.595874351178003
MLTTR_1505,0.18649244223913727,0.40232067566119945,0.437872256193625,4.390012540697019,4.115690159119811,7,1,5.622750598366375
MLTTR_1506,0.22135735881129548,0.8412793209671755,0.3385560248570485,5.929116012388605,5.079455149041877,2,1,7.289485040031023
MLTTR_1507,0.237085167615837,0.9294541008648297,0.6375125546015992,5.87980072630161,5.7307953196862025,0,0,7.351190981662344
MLTTR_1508,0.39835655591782415,0.4950955379835939,0.33379557198459964,6.787639809233301,4.931934285574867,0,0,7.780450679041232
MLTTR_1509,0.046061256437473344,0.24930385839205843,0.3826547129352853,4.210933686833661,7.913565542608112,2,0,5.979365316778166
MLTTR_1510,0.3795565357980827,0.6249091674150149,0.3769663417559324,4.9886158497464725,2.430382481235567,5,1,6.469322805774456
MLTTR_1511,0.3642923815568111,0.701405411956461,0.4624263855063047,8.918865389236714,1.5034156073624376,2,0,7.621561199103143
MLTTR_1512,0.3962776093663607,0.6072479496473062,0.6896344384783137,6.407665207160786,4.6420134187392055,5,1,8.622273431965915
MLTTR_1513,0.1898033575402384,0.20845266234469176,0.3289907475999318,3.799839179340914,3.6553908937366018,7,1,5.436461368789815
MLTTR_1514,0.2823170015297318,0.041415814674334396,0.6946823404216208,6.600145686774408,5.062311834927487,4,1,6.746666972069435
MLTTR_1515,0.5166725572013862,0.13951871119795498,0.4106130934097525,5.156297500147563,6.302431562930369,10,0,8.012793704322277
MLTTR_1516,0.3998922084888778,0.43051540977998254,0.46722540989160677,8.089630705451409,10.0,9,1,8.774801458367627
MLTTR_1517,0.2322626627096717,0.3289261980354572,0.6160472694035664,1.8280424094410987,2.4062934822809074,5,1,6.1056090140021615
MLTTR_1518,0.2194346840115258,0.37938367235271026,0.6410492414114912,5.2311989335110844,2.8851690309855687,0,1,6.437158071288493
MLTTR_1519,0.24167920751042657,0.32949410476705016,0.35182926688808963,6.983666269815989,4.889469169964444,10,1,6.638749236041686
MLTTR_1520,0.39151994192186407,0.3073445998492105,0.5764816827237976,2.5125186008224607,2.0912160802510296,6,1,6.635173620237792
MLTTR_1521,0.4857628243588354,0.5286991818215705,0.48052687707400055,3.551225740140775,3.503342107599556,5,0,7.029947885048649
MLTTR_1522,0.625978712110447,0.6590224104866804,0.3334926314833591,5.9788760865120825,7.534177479443764,9,1,7.666527531021678
MLTTR_1523,0.43282214367759736,0.5160677859955164,0.6992259858115006,5.108210150606046,4.8842003500494116,9,0,8.173617388988905
MLTTR_1524,0.3171222111893736,0.35162927737000965,0.46452653143155337,4.433407997086567,4.9472016682349516,8,1,6.674022668640552
MLTTR_1525,0.18162709794663986,0.20000261271428152,0.5781900232912636,5.644018343900711,7.182360485028644,0,1,7.018398055750183
MLTTR_1526,0.628912991122677,0.6950533280872857,0.5988129908756341,2.276345432416931,1.6318440777936076,7,1,6.591219166551058
MLTTR_1527,0.06903053372967426,0.4498454214845926,0.39670926916404015,3.369163907802516,5.241798699097939,0,1,5.282382988471073
MLTTR_1528,0.1789699636163714,0.26585835052860135,0.4137219526037941,8.470837649885315,4.9059509568738475,2,1,6.454122341317533
MLTTR_1529,0.1650459386658282,0.29430370280707585,0.4565640427396844,3.7541426389197916,5.529592507701567,10,0,6.929761514862822
MLTTR_1530,0.2525044624976781,0.019409026542061007,0.6533452726044932,5.902065981603464,3.0417572084605307,2,1,6.195137068805039
MLTTR_1531,0.2885997805102677,0.56278590111923,0.6347954086586766,4.930721053598292,4.153892871362562,2,1,6.891361030574323
MLTTR_1532,0.6176548500509319,0.2321760929271015,0.5615773300979747,6.741090564638266,4.800874710013061,4,1,8.510483622375993
MLTTR_1533,0.35997314963110805,0.6110984642059057,0.4381937140202872,5.688722698376466,6.446485912714426,3,1,8.005142737198351
MLTTR_1534,0.10102363866407586,0.3051826460714217,0.42526954296450337,5.837700093530259,3.5735468569060185,8,0,6.174099370907414
MLTTR_1535,0.14714228986429223,0.2908484155427625,0.4425697577591466,7.346250191799381,6.209328120962097,4,1,6.117036854025056
MLTTR_1536,0.6618380703150629,0.7894970288159614,0.4546933225721399,5.67739181192245,0.8267727893818142,0,1,8.307041903841105
MLTTR_1537,0.27902460010099195,0.28088263759177584,0.4856457786841407,1.6645957536161866,5.835668862774686,9,1,6.795795210356304
MLTTR_1538,0.1839295408644739,0.36942332016277957,0.4619442561921903,3.7273532714647795,6.523416016853834,0,0,6.724625928951727
MLTTR_1539,0.38962833741201663,0.5243748288456339,0.4360700796338584,7.863428260301729,3.2167187896240623,5,1,7.496353004969108
MLTTR_1540,0.3695478752096971,0.5992485224651257,0.6011009379019878,7.140405582996634,4.426881626825081,9,1,8.177199864800501
MLTTR_1541,0.4737143986777495,0.3405091372222907,0.6513372401085891,4.578300522388631,4.995107635976372,10,1,8.410725740535002
MLTTR_1542,0.15730489040991308,0.8451681148058455,0.6497676649141172,1.8873942496550709,5.5684732977300335,4,1,6.219431070928319
MLTTR_1543,0.29804011762825855,0.616406885199773,0.36139085546581234,3.6233430711427697,7.35448673978369,2,1,7.111031984369461
MLTTR_1544,0.3571241645903851,0.21906612162244013,0.5321097064051818,9.16018154479098,5.373638377433839,6,1,7.543437379912691
MLTTR_1545,0.33313379090347084,0.4093151491460433,0.3694869141659766,7.410544055132105,4.558335153703664,1,1,7.576307085324825
MLTTR_1546,0.08585481929380943,0.5863953217381624,0.6513843225940208,7.456697823886734,4.616628176661551,10,1,7.295681342211024
MLTTR_1547,0.3543898062425134,0.5865486601517932,0.5038962806980487,1.8446555010250267,5.533469983812643,9,1,6.664227353884402
MLTTR_1548,0.2785301859939467,0.23381918341903674,0.3055032748654456,2.3512558974548807,6.5270790186215235,1,1,5.742370874021396
MLTTR_1549,0.5257409849881618,0.4503372637270097,0.6250580070770937,3.868166523773857,5.501706665733242,6,1,7.935194545963199
MLTTR_1550,0.30574122586835367,0.38773009892568533,0.5688260845508855,2.352532897071615,3.9283035945001226,4,0,5.965084262435368
MLTTR_1551,0.14168358493414268,0.8498666338287827,0.3468173670863809,5.257431166268867,4.342214004602503,10,0,6.981783816234755
MLTTR_1552,0.32370410567659585,0.47339066719874495,0.6437233913867518,2.8731674580974342,3.4571799344144467,9,1,6.8030185565851164
MLTTR_1553,0.304984235735228,0.26861586650760083,0.3244344085200827,5.972815564584727,3.3004725469549485,3,1,5.71091351146518
MLTTR_1554,0.14459898690944992,0.7142628314505738,0.6579637958878259,4.593802031178479,4.049194113281521,2,1,7.1480642164537125
MLTTR_1555,0.4177860003357558,0.2570387602703034,0.6993960572791149,3.925482123246181,3.8790825805437654,2,1,7.20619242042332
MLTTR_1556,0.037126366902423234,0.1550604332289503,0.47742810158624627,6.324698201305695,6.4976196538046365,9,1,6.27811036275091
MLTTR_1557,0.07730527271938453,0.2577791647687877,0.5400223060126934,5.920187888727619,2.675677750095774,7,0,6.395619564401961
MLTTR_1558,0.6291197002165505,0.5980366604015556,0.45653087782066815,5.291460118106762,5.139685836734691,7,1,9.383198470724299
MLTTR_1559,0.2939369326688686,0.5077555811090392,0.4916566948059369,4.311398594361152,2.7135801074672554,3,1,6.658840740188828
MLTTR_1560,0.15003186017021958,0.2379048026037289,0.6314848747672388,4.934094373648407,6.5461750917168535,4,0,6.665778775668197
MLTTR_1561,0.12835783126121045,0.43958697306428857,0.6162421517104614,1.222120025215704,5.591400097506827,3,0,5.4380571786666225
MLTTR_1562,0.3651189556120457,0.5701496303984244,0.4652791072301324,1.1574467432554685,7.460419451854135,8,1,6.95554454513177
MLTTR_1563,0.42620069580146597,0.3383410629817148,0.633680044441502,3.693443419688297,6.064115450754834,0,1,6.3897494264464
MLTTR_1564,0.2109724213881519,0.8306297716275787,0.4285157582209794,5.304155934679726,3.007477523407613,4,1,7.002940588345333
MLTTR_1565,0.16944509672787106,0.3083518818425415,0.6144915201640295,8.51436886207302,5.0746754516764065,9,1,7.050468659332249
MLTTR_1566,0.5004665174266097,0.48897221004748315,0.42615031508873896,5.814857129548571,3.7787216254202853,9,0,7.825364200750645
MLTTR_1567,0.36586569812688696,0.3637494975848591,0.6331386535056269,3.076932310302844,3.9862060502359435,8,1,7.297675187377017
MLTTR_1568,0.30837537900463063,0.6264462869860438,0.40607872939406,4.06942825376582,3.0134528456848924,10,1,8.360717165119832
MLTTR_1569,0.3867643975202099,0.32371136798274575,0.5061779260321387,2.5319042943075996,4.403139326827935,1,1,5.124666066931731
MLTTR_1570,0.20937101999921418,0.6180296910624414,0.3723787081803017,4.942329122623449,5.180091272808391,6,1,7.2726099273364895
MLTTR_1571,0.149058177419418,0.12441534371787864,0.32790435745228647,4.84997607061471,5.413438411717721,10,1,6.419116671248881
MLTTR_1572,0.46469816935191655,0.520184304509666,0.4649267522869129,4.953489961687899,9.822302763406412,7,1,7.330008661114222
MLTTR_1573,0.0927533479837971,0.5203985141923265,0.33199867728121096,5.562124203461693,4.6863002560211715,4,1,5.949353788049977
MLTTR_1574,0.16976490589873883,0.5349253270976938,0.3562821246780177,7.081577351257041,5.1703990941029465,2,1,7.232622875834318
MLTTR_1575,0.37579068885515066,0.5704636652547075,0.45112240186918323,6.377614273321677,4.825487615407925,9,1,7.382950662880552
MLTTR_1576,0.07765533713208027,0.4710477185186927,0.6054323906726842,2.7466021077431177,4.509541292524035,1,0,5.605451661383045
MLTTR_1577,0.3694901653760715,0.501389210641509,0.4468740707812792,6.69246110968581,4.417672201597139,2,1,6.137239140426444
MLTTR_1578,0.3130218686848312,0.4167970914180521,0.3157666797862825,3.026981396563065,5.109941487095434,4,0,5.226807244931394
MLTTR_1579,0.5544372486393342,0.6105501233041415,0.4700251015821906,5.781727334006585,4.62023488693671,9,1,8.130733750260553
MLTTR_1580,0.09931855181325189,0.3162320913046054,0.4689662726153777,5.215939744468135,6.423477586816478,3,1,6.897161210938828
MLTTR_1581,0.17431645427862488,0.5682884557810327,0.39968803172752493,8.344370419887003,5.830729903162401,4,1,8.523975067782674
MLTTR_1582,0.16135936839610343,0.08479775292501679,0.4352556342014456,4.829076830803552,3.2980312932932945,5,1,5.337629428748733
MLTTR_1583,0.1623191446141342,0.6257840146500484,0.49017449563526494,4.839400495659375,5.0081230919618065,0,1,7.439403874412207
MLTTR_1584,0.27104888661419047,0.4003058660528183,0.506042554916971,4.487745366484392,5.599136665043505,1,1,6.786995067118077
MLTTR_1585,0.6281172653039998,0.25046495915355943,0.5430523293155398,6.7271004360625515,4.474230205770785,1,1,7.713272986429991
MLTTR_1586,0.4055779254833639,0.5906204559151171,0.6777743602784234,5.643010950180017,4.558830607082348,7,1,7.958134480307909
MLTTR_1587,0.46247660242163874,0.6423131141047066,0.678793750941254,4.506290665182715,4.8213659893337155,4,1,8.139170721344643
MLTTR_1588,0.5936383184979546,0.18253703578162486,0.5736545270148612,6.676414526627492,6.183894835244059,5,1,7.118783571177902
MLTTR_1589,0.21917083148043298,0.30103289892679075,0.44738880624380317,9.184763199184452,5.345689258872848,3,1,7.557323883355496
MLTTR_1590,0.2873226116413838,0.847223804739273,0.30613159996360567,8.241262597777467,3.963448762573323,2,1,7.189316254277195
MLTTR_1591,0.16425018895089674,0.1610110742349684,0.4755465280991015,7.993298349439177,4.912755232369885,7,1,6.907179318747529
MLTTR_1592,0.431879839957561,0.7774470856003335,0.4101780658388998,3.9817142648024957,7.385636556944908,0,1,9.067124956952343
MLTTR_1593,0.5287978450566272,0.6808118013171277,0.5482636226518891,4.85570618524622,3.165069392477481,10,1,7.611150611110229
MLTTR_1594,0.38657401059572755,0.7252912301862628,0.3844922523617251,5.358062736175657,6.2680889137683184,6,1,8.487372392807075
MLTTR_1595,0.044449705674233064,0.6622792957325974,0.5415861212977515,1.6822871550483858,4.530363465504757,2,0,4.844374163230435
MLTTR_1596,0.20033248927398173,0.7097468524949556,0.40544756366620927,8.43137831542994,10.0,10,1,8.331106405092575
MLTTR_1597,0.2995044187789827,0.4805281980673239,0.3671716558075583,2.207518817667735,6.216387144381375,0,0,6.227008666580056
MLTTR_1598,0.1311342693139668,0.2671657397779633,0.3221464578469512,5.830980192290959,5.108422813765368,10,0,6.8249831853623695
MLTTR_1599,0.48554453835480355,0.3733659744272565,0.4920571374311678,2.6090715856687283,4.7972674178815025,9,1,8.358272492617703
MLTTR_1600,0.15318454607583998,0.4874094086982878,0.34988776258418436,5.289765655349812,2.084075906044595,10,1,7.051228124158149
MLTTR_1601,0.4353854801955343,0.8905369353090175,0.37706620490410164,6.671407532841057,4.02146449380553,2,0,7.634923675899763
MLTTR_1602,0.528591844739627,0.10909937487713864,0.4090140614323863,6.072083694229083,8.864253927334332,4,1,7.35401164824987
MLTTR_1603,0.16340430467514705,0.29281266780895265,0.36296447548909044,3.3515296637828236,5.698190210650686,4,0,5.2471318070026856
MLTTR_1604,0.4327395462964085,0.48701059604786634,0.30516370736082377,3.7649204371982963,4.454159911919573,9,1,7.8301579714726905
MLTTR_1605,0.1118472184929254,0.2765614062975879,0.34923627720730044,6.8737328051427085,4.9900218395655065,5,1,7.014576738869129
MLTTR_1606,0.3672601519306595,0.6551705099010486,0.5916866330163875,4.9191131285945,5.093414463707614,1,1,6.491193350273038
MLTTR_1607,0.40624577879584917,0.36516396416695934,0.4684971591126401,5.275751997694745,3.183740676813384,6,1,7.617140857225088
MLTTR_1608,0.23024233822673912,0.18357609070172654,0.5695392955488328,6.891590488517277,5.212511292045663,0,1,6.579956144950003
MLTTR_1609,0.5098764033720862,0.8113993840603632,0.5776917595679743,0.09858880190697317,5.98492004705279,7,1,8.002647385669743
MLTTR_1610,0.4626815813869749,0.15765904140103126,0.5415788719324925,5.550280735681037,2.1754779781236935,1,0,6.38004003008596
MLTTR_1611,0.07851307110581082,0.6875265018582446,0.5273203300683407,7.532158479386685,4.549812142638583,2,1,7.066946875246274
MLTTR_1612,0.15164479541216697,0.8509125452968479,0.6388607339416104,8.558603823497442,0.0,0,1,6.248686663197261
MLTTR_1613,0.39569593953981413,0.5932706668862686,0.33209990390804167,6.398011455145814,1.7785801362296865,0,1,7.704730027824278
MLTTR_1614,0.21745693828315624,0.15441768402606257,0.4257897308000715,3.606397828951047,6.606689933300077,1,1,5.9425499180180665
MLTTR_1615,0.43055009219039786,0.5836696973921989,0.3019412582620977,6.952434656001318,7.361059522486119,7,0,7.875868063487793
MLTTR_1616,0.5184120304458807,0.429536803578934,0.47979279888451376,8.736419181537379,8.568139731342944,5,1,8.444481592982525
MLTTR_1617,0.16265512662355808,0.06247018110452379,0.6467426278696867,3.7955642273509143,2.535298505219865,8,1,5.5378224587423475
MLTTR_1618,0.11346983798580189,0.6292977673689666,0.5086314031099745,3.632675220495496,4.846594758640068,9,1,7.5279824754241655
MLTTR_1619,0.37514429309341946,0.8018547931020321,0.6414387714781803,4.7567188481374645,4.366744640692223,7,1,8.08089652920958
MLTTR_1620,0.5689096924545228,0.4652350252419991,0.5452662193240696,4.242848485453404,7.048035339612362,8,1,8.069733698892417
MLTTR_1621,0.3237595605058947,0.186586565562937,0.31824335231756234,1.0401829181092497,5.627655589128129,9,1,5.823156619260803
MLTTR_1622,0.286662285589127,0.5813704031655855,0.3345644744314925,0.40070094911156584,5.167045508060325,5,1,5.689058198027087
MLTTR_1623,0.1290303644521527,0.4413766280853994,0.5678388214387633,2.476723715448881,6.161660685332204,1,1,5.807125754817817
MLTTR_1624,0.5612095160538123,0.9893663869672472,0.6818599336733536,3.8096750325638142,4.142151106648776,0,1,7.855223952139674
MLTTR_1625,0.38618268752367485,0.2210589981556963,0.3629618796751725,5.904715174847505,6.871090988358387,0,1,6.564041898325956
MLTTR_1626,0.5088005805017423,0.3651159268136076,0.6702995252234647,4.013144469236797,4.363719137403657,7,1,8.597292555469327
MLTTR_1627,0.32230003315178263,0.6492923646005611,0.576634611872552,5.398605716837919,7.115973828206186,6,1,8.447162767360433
MLTTR_1628,0.37042716987703894,0.750456047366146,0.3552950448033731,7.738202966903904,5.365599131727824,6,1,7.851267788618327
MLTTR_1629,0.30177406042576754,0.48209860478901856,0.41922591946542664,10.0,5.454910818885719,2,1,8.411148720227677
MLTTR_1630,0.15586633947231532,0.5147531318976477,0.6387287147158369,6.771420130813466,2.841745853317155,8,1,7.695397236680591
MLTTR_1631,0.032859860602675636,0.7049933987213393,0.64453400516552,3.129693258390759,2.071019967623339,9,1,5.959424993899598
MLTTR_1632,0.6038032517997827,0.028488881838715542,0.5754624946549514,7.004346538398776,2.0178446524046754,6,1,7.787095247076928
MLTTR_1633,0.3485838171202605,0.5403632344079106,0.6799902157590982,5.043083026957749,5.9483319489241175,1,1,8.385232306792007
MLTTR_1634,0.19188942645417598,0.6425308423805814,0.612707400716301,5.722106458538284,0.9134923143529496,3,0,6.352932172160818
MLTTR_1635,0.32318316575660666,0.6377439771581076,0.6716338443206012,6.942552102779242,7.6173127327126995,3,1,8.06794998275575
MLTTR_1636,0.12971169083843095,0.15716801633193386,0.4560552339282219,6.570440548770476,4.39250473879879,3,1,4.86351961906702
MLTTR_1637,0.049778836105373626,0.37938827900925104,0.47594154762949215,2.467838721693838,2.448849330371849,1,1,3.626856970616554
MLTTR_1638,0.12392997887784131,0.05135434098904067,0.42982198299763197,2.805968290755053,5.6717115510899205,5,0,5.209675905877794
MLTTR_1639,0.12694728221823123,0.3302549620932179,0.3865404463394643,5.571369017728269,2.6463291178320603,3,1,4.943149857617043
MLTTR_1640,0.48074106608797557,0.8951105600423445,0.42158214273790895,6.4305095869203495,5.085700474004714,2,1,7.767339705763913
MLTTR_1641,0.05007860835960229,0.6879320116065091,0.3576631533042863,9.185153593734206,4.501829105691449,8,1,7.067888271928086
MLTTR_1642,0.29304201580282124,0.7846446349145786,0.6788713950254106,6.22612909901331,7.294314582482336,10,0,8.580132506727338
MLTTR_1643,0.42158148950439717,0.45873485481529325,0.5488185178117422,4.326924460203582,6.724338575824159,7,0,6.963072965459142
MLTTR_1644,0.31001009000316015,0.4588044046157825,0.6818709274738155,4.088239018699118,6.797537628163399,1,1,7.6080289766954206
MLTTR_1645,0.11058920347283994,0.3815069881313979,0.3555954946386119,3.6454226344734675,4.1307653226386165,9,1,6.4969075570269705
MLTTR_1646,0.24726938097912185,0.6842768596090358,0.5506456992497797,2.4929614264241398,7.388156168876048,7,0,8.10397454496856
MLTTR_1647,0.4039119935499241,0.701494445666805,0.4786950584233414,2.4776700152768236,4.875335494029643,8,1,7.729197841050339
MLTTR_1648,0.28067709745411334,0.7432053444913804,0.6646483809892046,3.952766844718152,5.232421569353798,4,1,8.129276972155674
MLTTR_1649,0.0487262667040044,0.3462454772919615,0.3073727097913533,5.228964137690441,5.852136025260469,10,1,6.266053421372343
MLTTR_1650,0.09718558941317255,0.16799047974350637,0.5422246420897774,3.52854704171825,5.529991525402924,4,0,5.924035878450432
MLTTR_1651,0.20130737221090908,0.38348942708769745,0.5096854218775733,5.064738888582021,2.466064250615346,7,1,6.677688934872278
MLTTR_1652,0.6197028538220485,0.7308397420783144,0.32185127669590347,4.485638415286562,6.23815902344854,5,1,7.943015763674297
MLTTR_1653,0.4046088588982291,0.39363059628647373,0.4894962275354231,4.5873817020988765,1.9887158005167707,4,1,7.2393832926216355
MLTTR_1654,0.5909205736655704,0.2825243603435364,0.41561989485492634,4.181375251355091,5.902209613062473,3,0,8.886175138676407
MLTTR_1655,0.6108056006432587,0.6538855200755762,0.4172711013522339,5.602423253378452,4.875852089540273,6,1,8.009186797908935
MLTTR_1656,0.09657865946536057,0.761031714007383,0.31657879291456703,5.068759035757342,5.151999963293086,7,1,6.762970292980037
MLTTR_1657,0.28201904507558156,0.19340371785544208,0.6310529005835752,0.0,2.928589899537897,6,0,5.486356623921082
MLTTR_1658,0.3915983682785582,0.3128904084054895,0.3780396513340481,5.5547475983192145,6.905458837361246,6,0,7.136553509381246
MLTTR_1659,0.3106463249417758,0.6668536621175839,0.6643144519507145,5.241257294327149,4.724382387881317,0,1,7.499061206629967
MLTTR_1660,0.1253056067898356,0.3963221552243604,0.35550448922089994,3.83618747568433,6.620920623024058,5,1,6.282562489027923
MLTTR_1661,0.2714119444928039,0.9247322309007963,0.6510592001512875,5.366253107656434,3.616798256744941,4,1,7.2897771301607746
MLTTR_1662,0.44643841322723393,0.5680778637002406,0.6849716818023144,3.669970504121806,3.6446949722118873,4,0,7.824438994228394
MLTTR_1663,0.38264962487319737,0.24321624731637942,0.4938374318067259,5.271940851787002,5.13876411926727,3,1,6.639919548293184
MLTTR_1664,0.2502637339990116,0.5918117020664012,0.6433328458899925,3.3155252781650426,6.962327747597023,6,1,7.036056214965256
MLTTR_1665,0.17011763159081456,0.3651170953230429,0.40338165563841494,6.369043671041816,2.4988033697442225,10,1,6.833981776605415
MLTTR_1666,0.200663549006766,0.5616565338676329,0.35588387891697265,5.71461351867913,3.9062646473508624,8,1,6.947701686561764
MLTTR_1667,0.17291330944505137,0.3988890957141038,0.5949490946154838,2.186583259375544,4.050225433345227,8,0,7.074500816496625
MLTTR_1668,0.6537991205626311,0.6814763468987755,0.5274103125045604,3.6588309639949568,4.493020895543511,1,1,7.816288334925846
MLTTR_1669,0.06515649201753405,0.2982178327995632,0.6408837996932243,6.408168109346111,4.138153780554047,3,1,6.816153142063297
MLTTR_1670,0.11148086473316228,0.35720695237685124,0.5207371273275642,5.826840824175136,7.053376074320114,1,1,6.934369784795533
MLTTR_1671,0.47723995961831744,0.853407054541151,0.6943707938773067,5.303082363245032,6.354900738428407,10,1,8.785805989867804
MLTTR_1672,0.41829037676228326,0.3013914779370483,0.46873509993861023,2.806695043043756,5.051609385319197,1,1,7.163435971735775
MLTTR_1673,0.19275691633705996,0.8667220187298258,0.46288762163916897,3.694911134375893,6.611799754173,8,0,7.352632538186229
MLTTR_1674,0.40607823270874865,0.8194696644437355,0.6068704599568411,5.348593458022943,6.966499507732636,4,1,7.500834226960709
MLTTR_1675,0.09169892293850965,0.3477867244319554,0.697443685891307,5.608357872581983,3.8350318915709245,7,0,7.276269136857129
MLTTR_1676,0.37723642006149866,0.3567625142908467,0.4306429500369555,4.99734524716797,3.625260268789982,5,0,6.34556288677882
MLTTR_1677,0.06529474472552542,0.5737158926774498,0.39910546021889504,3.398533685870013,6.325484864419815,4,1,6.249634704612764
MLTTR_1678,0.18864863933168688,0.709184397978174,0.6255356760633806,4.578092407149625,9.046614997058969,4,1,7.48567474012475
MLTTR_1679,0.02881015877498092,0.16789057960488105,0.41516800278089616,4.0562562282656405,0.5000330901708248,9,0,3.367701291571833
MLTTR_1680,0.10895451869460812,0.31964888593167406,0.36261814950854093,2.7479490513988014,3.8254873561205764,8,0,5.487636948975352
MLTTR_1681,0.3386815453696016,0.2687993539041441,0.5254092006231946,2.871337818605388,6.496611252938939,3,1,6.301308680362072
MLTTR_1682,0.227167699473507,0.5678805212497621,0.4181696465921731,3.438123858938426,3.4767629851913746,7,1,7.076757253932165
MLTTR_1683,0.23460218271483968,0.2635480337878264,0.3428007541889521,2.0807767608433867,6.660937991117536,2,1,5.525109044539652
MLTTR_1684,0.4342025077943729,0.5292314031993669,0.5481949548955304,5.942789581534214,5.437432365410167,7,1,8.125217387749336
MLTTR_1685,0.2614613198565627,0.5790849533135016,0.45723301696044016,6.5279798542267695,2.624500614837107,4,1,7.605626012299448
MLTTR_1686,0.043841850695486045,0.7288066779410249,0.3418264398668382,6.757096997225966,4.126756356954094,5,1,7.217056192609396
MLTTR_1687,0.06014847752056943,0.46291393563505495,0.42327341176218375,3.4957189493894836,5.717986409379316,3,0,5.14351132269433
MLTTR_1688,0.11446766352382845,0.7932037736984614,0.4669565673722521,3.5465256496072355,3.304760952703918,10,0,7.334681340120667
MLTTR_1689,0.5583866860573653,0.08110594486230033,0.35847503184221385,5.505318792724595,6.127697394930358,3,1,7.487910470852624
MLTTR_1690,0.29459882269661947,0.3970311184013632,0.5779726637384677,4.102124972025744,5.6011004735599395,0,1,6.8268473286188565
MLTTR_1691,0.15717597746640247,0.08787971507839902,0.3196925236760617,4.405528501894268,4.429182021652164,3,1,3.4459675949202397
MLTTR_1692,0.19735313925581163,0.484938812961293,0.4686595358275687,4.404206363278842,5.75265844820892,5,1,6.433005152263019
MLTTR_1693,0.24842746057159246,0.6583073146498044,0.4256496396801094,1.8661351959250387,4.323068260884676,6,1,7.326921995941274
MLTTR_1694,0.05964598344388899,0.38869400856799513,0.6664757165048345,7.496118233620846,5.425816907495946,3,1,7.189882054177877
MLTTR_1695,0.07968773070662148,0.8193887811926481,0.349208347768767,2.2055544495313995,3.1108988120656567,9,1,6.030694199060081
MLTTR_1696,0.10689085334733496,0.17753053356493703,0.3306647169868911,1.9331412624372244,7.699975396519909,10,1,6.491492337880492
MLTTR_1697,0.23484965748163616,0.2515917397472633,0.43036370088283604,6.586366473268921,4.50443007004418,6,1,6.835765302763433
MLTTR_1698,0.5896264228513268,0.23048359719923386,0.6833035907382919,2.867710644793077,7.218842963953321,3,1,8.242468849649894
MLTTR_1699,0.3379950272895721,0.3755646290711461,0.49133104356579765,7.104450652778851,9.089191829113455,5,1,6.790865108491731
MLTTR_1700,0.319943453174215,0.2171814345647283,0.6494511391013029,5.677740826381196,8.0157074258857,4,1,7.402506430980959
MLTTR_1701,0.10738153429267071,0.7543127665262525,0.31696290710626585,5.704658446158971,4.97591942056436,8,1,5.396131358327407
MLTTR_1702,0.15962651248570128,0.536313611057664,0.6155578761358378,4.264235297755575,5.308049045285417,8,1,7.31099253083194
MLTTR_1703,0.07984867597986316,0.8654572790476024,0.5849233592369751,2.2443356481083847,4.927102701431313,2,0,6.458252761396539
MLTTR_1704,0.5275982250175584,0.30000440144386215,0.6905409612161899,2.689147036533653,5.602281497854551,4,1,7.276376649494323
MLTTR_1705,0.20335897086432095,0.37056523403639663,0.373916221101801,5.206323555840187,3.4357182402487343,10,1,5.711427456089129
MLTTR_1706,0.08514760446347115,0.33797313316450384,0.34495944963244196,4.794832162392253,1.5589774236871592,1,0,5.239357445957551
MLTTR_1707,0.4557747263214842,0.4936882998104266,0.6900999236375396,2.6472370610219453,5.622125815448465,8,1,7.920669495855742
MLTTR_1708,0.09001309253310548,0.2154690182707968,0.6737863843660443,2.7768345319171694,5.0998782014933415,2,1,5.232332286738893
MLTTR_1709,0.352756302010634,0.7087119506607754,0.5056976338907911,3.311576204064939,7.935221698979971,4,1,7.500858979245194
MLTTR_1710,0.09302139941517756,0.5774085006979728,0.6604520632676416,4.882247573382108,8.45972452675203,5,1,7.052646586431742
MLTTR_1711,0.08114600390094195,0.24166789547040743,0.6288903045958525,5.859383058536303,2.4024161598427503,0,1,5.838877359080361
MLTTR_1712,0.2221531789273356,0.5084405061129772,0.5312437643122462,6.764454137092354,3.2390684217313725,4,1,6.880193791112117
MLTTR_1713,0.179815344213628,0.4544485603046493,0.4863886593580832,4.278114138517252,6.4871717973122,1,0,6.591424722782914
MLTTR_1714,0.4249970789415636,0.313333831756541,0.31009207248226484,7.797827769598103,7.257844448262649,6,1,7.707468898089465
MLTTR_1715,0.3321204498068209,0.8666595351504809,0.5698850190505304,6.403397160881536,5.2516489767882355,4,1,7.161314334139245
MLTTR_1716,0.31437732282108427,0.12309976233144204,0.5988051219729298,7.882068134764371,5.1243307065191335,2,1,7.544374356400231
MLTTR_1717,0.313451320160306,0.31557884877460635,0.5351063082944456,3.295592973494651,1.4902148662978654,7,1,6.5175522339887735
MLTTR_1718,0.19082409348202667,0.14878217017518036,0.6032314084373063,6.131569045857761,9.376594281792983,10,1,7.970965093904789
MLTTR_1719,0.15641963128057443,0.4824606971562406,0.4923213782350879,7.121652868535321,3.677805446572175,10,1,8.002559750334429
MLTTR_1720,0.43305379283510886,0.9385363040192528,0.39435882599705246,1.5524535111330224,6.087566111988139,3,1,8.411992129489528
MLTTR_1721,0.06399918813780404,0.2735420197504111,0.6798762199258048,6.799518578089589,5.6655515326210475,2,1,6.87194119713783
MLTTR_1722,0.3235360676624519,0.33500301368200575,0.3322256116705041,5.806982495832663,3.3007838726672674,4,1,6.181405794128401
MLTTR_1723,0.1757103118828178,0.7653646925513954,0.40800164647540244,6.7913913887902595,6.644578268478439,10,1,8.626852797271674
MLTTR_1724,0.3807694963259934,0.2850624736182023,0.38217841996698954,5.337682111482106,7.798897741027012,6,1,7.573385078905653
MLTTR_1725,0.4344783064329898,0.45176090250400497,0.543769652264305,7.232678036704511,4.920225532493685,8,1,8.701595401280548
MLTTR_1726,0.2651450116787102,0.7916762967588522,0.48531553997090066,4.181356948375844,5.2882212566259295,9,0,7.396151621346272
MLTTR_1727,0.5077635452917614,0.4163512133649237,0.5288294706182513,3.990117528783678,6.27014699984405,4,1,7.670598705137878
MLTTR_1728,0.5537026700737291,0.41099595322173765,0.48686786863115594,6.400730155773791,6.886501642806841,9,1,7.945599158602825
MLTTR_1729,0.14990230843613886,0.652344763689536,0.5445273978498426,6.408515147461187,6.663509823099935,10,0,7.802996933141777
MLTTR_1730,0.11843366278413514,0.28120445527290155,0.34262922008925933,2.388936126437808,3.3149715306272447,6,0,6.000914863162958
MLTTR_1731,0.020047532228112945,0.2628846969144691,0.4481865288383822,7.338681667356457,3.228878062491546,4,0,6.365534847727277
MLTTR_1732,0.22818467362625325,0.6804254912984177,0.519086825818428,7.286942753470216,3.9573863135306917,9,1,7.757032418915121
MLTTR_1733,0.04237122981684254,0.23245642481045922,0.5431031538063095,7.000778863026635,0.0,1,1,5.3636311050445356
MLTTR_1734,0.09038635165759454,0.9309656687562992,0.475037912691318,3.588807217851742,2.486224298687736,7,0,6.978841773912035
MLTTR_1735,0.11249513648178731,0.676430241283859,0.3207111452416463,7.453079418991004,4.6399854191201815,1,0,6.0098898038305935
MLTTR_1736,0.4988168958365928,0.6458793465286823,0.5799731724994234,6.007694552936643,3.737881698466812,3,1,7.906429694223068
MLTTR_1737,0.20566955784239319,0.5952229505336056,0.5004990577326465,6.803295086609675,3.4036243364548158,10,1,7.26225263135356
MLTTR_1738,0.08714979869381521,0.545914532664276,0.6855610254132791,4.902288306150164,6.698780462674594,5,0,6.047439584200989
MLTTR_1739,0.3614791410901463,0.6791517096786601,0.4374091001011901,4.16887638465115,5.652360100792837,9,1,7.412056401791955
MLTTR_1740,0.2351858569795551,0.4155349169853045,0.5720728055636918,3.6354032941821304,6.581172210091447,3,1,6.582888461777217
MLTTR_1741,0.2029960974155897,0.7113086002373253,0.3169017004563443,3.814955239388249,4.688754714808801,3,0,6.568571573555798
MLTTR_1742,0.23498124476806811,0.2774073621711478,0.5743932493631236,6.744933786404727,4.214907096566697,8,1,7.132302906588147
MLTTR_1743,0.21347067015755822,0.12733599730959563,0.3268661251991285,3.5058971646507997,3.3578863581114096,0,1,3.00846746502118
MLTTR_1744,0.6376858809285815,0.8233360833238507,0.5456272351839397,3.80862519747512,5.47932541678159,6,1,8.46158834646873
MLTTR_1745,0.3016975017188565,0.7953951288790303,0.5539701511026778,5.641089658905345,1.5568739302154828,0,1,6.617073049379518
MLTTR_1746,0.3761460442053887,0.4314198258886739,0.5852445644413227,4.493048289679309,3.3444787033428818,5,1,7.275151134704183
MLTTR_1747,0.11760628815190002,0.7233551302970737,0.5003058369262467,1.025917924015296,6.1307807472103795,0,1,6.4166928256219595
MLTTR_1748,0.04166941154520751,0.5849402414664593,0.4938155566305403,3.729988951718674,6.633212452056886,3,0,5.577948844253584
MLTTR_1749,0.3346600737396496,0.5225391604267952,0.3474528199544667,4.301625756555753,4.886866423457391,0,1,6.776002528620682
MLTTR_1750,0.06098892023193189,0.44448269431347304,0.40086580399556,8.124214186705814,2.8091814911319797,8,1,5.157143046259907
MLTTR_1751,0.10518778697127114,0.7178377705660814,0.6225366736336871,6.294136966196621,6.098054074370928,8,1,7.720938943995496
MLTTR_1752,0.0663037604476038,0.8237645970222061,0.682530580078331,3.066657714899826,3.6032624606265427,2,0,6.488515457607297
MLTTR_1753,0.3357527031398508,0.532022864029311,0.43382425673739444,2.867620752141176,4.771089034237436,2,1,7.739986903545982
MLTTR_1754,0.031225107113065816,0.6595811614534505,0.5152650037480191,4.119064071503849,3.1595503729296115,3,0,5.006828282574071
MLTTR_1755,0.5308526023638411,0.3119934588713559,0.41364796596633807,5.44113178873741,8.484314880922499,5,1,8.365997292862982
MLTTR_1756,0.30202057743885286,0.40280048865346735,0.41286504891723413,3.491062864345614,7.857613279206827,0,0,6.606833464588317
MLTTR_1757,0.20906673057313613,0.584975718040155,0.6171703391925207,5.845585589091137,3.3941519120418646,6,1,8.662770595154601
MLTTR_1758,0.19582004686869775,0.23427360485856172,0.6338337358177284,2.2789521269292363,2.779305100025032,1,1,4.863036428921637
MLTTR_1759,0.4682758298512567,0.5811703854428476,0.5469541039899544,5.639551794191172,4.907547615892314,1,1,7.5957057091034175
MLTTR_1760,0.4223394739782578,0.7392401176101175,0.6477397507504479,7.308594761855242,6.203531778572833,3,1,8.095849731853384
MLTTR_1761,0.24941825779138266,0.8406384109508322,0.30190226347954746,0.0,7.3992684743430335,8,1,7.456102181088634
MLTTR_1762,0.21186602157112452,0.3621545526777588,0.6630466891781067,4.945247763695074,4.895748529286975,3,0,7.609512537791461
MLTTR_1763,0.20063276314260473,0.445139024087738,0.3412771300726552,5.492397868408289,2.6388860458328356,7,1,4.895504583088384
MLTTR_1764,0.41943468845216425,0.285349289041897,0.30888358524220555,5.872007145740529,5.569628204726665,4,1,6.799510797927089
MLTTR_1765,0.21344944664320822,0.7314010485253993,0.34628160465486485,5.1952976343422845,5.512661945848121,0,1,7.380948007141167
MLTTR_1766,0.22538138190545057,0.6596405237904656,0.40116425793614485,4.8732782054961525,1.9683752451965741,7,1,5.6623802515468356
MLTTR_1767,0.652062922307116,0.758938407033268,0.5162318006190982,5.549384484095803,4.507313852632944,9,1,8.125802638153054
MLTTR_1768,0.27117747776377077,0.3458115055152016,0.32342650798220635,5.213339435248752,4.436770839253409,2,1,5.475439917871907
MLTTR_1769,0.3430344135289023,0.23891944107462937,0.6650336121260664,5.176277490952593,3.1344629706178253,8,1,6.918075015821155
MLTTR_1770,0.12849085523645928,0.3164197610775847,0.4747165225705853,8.051761825661679,5.430332428243877,1,1,6.591240619006032
MLTTR_1771,0.17822236790211304,0.5748561521255937,0.6931546889669062,6.985909692334562,7.016341322505989,4,0,7.964023325938148
MLTTR_1772,0.07098281566022974,0.911053932579303,0.58449959307729,6.789751907241167,6.935522798683831,6,1,7.65362678735924
MLTTR_1773,0.5690218445296819,0.7372108507058769,0.40275632746971424,3.7765363168847768,3.3017639730912323,7,1,8.49607475350495
MLTTR_1774,0.21871392418654192,0.8940583676737615,0.38106027787690255,4.060229312651897,3.8835249395667812,7,1,5.748344565888438
MLTTR_1775,0.1672196481227191,0.37146750293605285,0.6268113357071157,7.047117514576605,6.324998487264524,3,1,7.41892479586268
MLTTR_1776,0.20831676559804066,0.9371030994444557,0.5300793559532625,2.9711497820648,4.369519347442452,10,1,7.612060153081989
MLTTR_1777,0.06369154927562398,0.27768186132660355,0.3377397288908628,6.973594322480524,4.335994834769651,3,0,6.311317678282675
MLTTR_1778,0.021595588088474997,0.7164613428187704,0.407705018493343,2.3942529227751095,9.211744227563809,5,1,6.276980470464282
MLTTR_1779,0.16614750503118556,0.2772220511107602,0.3497095165608004,9.114680811062597,0.10793400774846074,10,1,6.08643535282256
MLTTR_1780,0.3021481004643628,0.85859111624409,0.5371819060262925,7.40143353886153,3.755177551195366,0,1,8.42163363928732
MLTTR_1781,0.2758151184928388,0.23013602133856484,0.6565439924464517,3.93975574960715,3.4031975776481147,9,1,7.122900456376592
MLTTR_1782,0.32948915958350744,0.5037858965000822,0.44716563926355524,4.107726051206773,4.903379196851228,3,1,6.547063361193025
MLTTR_1783,0.4558104121043315,0.3099191223042605,0.3107631606625308,1.0504186481059543,8.264750202606702,2,0,6.446310426863183
MLTTR_1784,0.42114047059307586,0.8105588371895778,0.6752853014516822,4.904639388985671,4.727330571994784,7,1,8.373077323025836
MLTTR_1785,0.2409445061195899,0.3673911712613811,0.6322172790056957,7.302986900156325,4.459547819654624,8,1,8.478168092789371
MLTTR_1786,0.29343465769190713,0.9078395977266853,0.3136532953847771,6.180320560102741,5.305087309381086,4,1,7.541607849418712
MLTTR_1787,0.22702223852695883,0.6832116278742635,0.41234206372090504,4.497519390151874,4.4209969279617845,9,1,7.224618815707552
MLTTR_1788,0.1476717174498166,0.053545516213531395,0.45319508659737934,8.961892034418716,5.726512489348694,1,0,6.092491945964549
MLTTR_1789,0.6891608035313805,0.8112869490355473,0.6939155416353159,6.070886422067478,9.857186319088516,5,1,8.830086267126406
MLTTR_1790,0.1581945997841288,0.7037197833204365,0.31293411706452406,5.798359012497711,3.6875677783904828,10,1,7.352653375309751
MLTTR_1791,0.5363289476550376,0.34398839360510153,0.698244203047813,4.426231717186463,4.6102872164607005,3,1,7.726022452269367
MLTTR_1792,0.3331235504309852,0.37870133834799746,0.548690102984029,6.1275700408153675,4.862842950892319,9,1,7.173871732603536
MLTTR_1793,0.3892795161522567,0.33548167680064506,0.45992098432881523,10.0,0.9857184271206441,7,1,7.434443407638527
MLTTR_1794,0.333067667708282,0.35275460285646815,0.4622178369144621,5.871592730456481,6.156494506389431,2,1,8.103182418144957
MLTTR_1795,0.1129242918461334,0.1468044245728098,0.5657538129720319,1.7769036030218244,4.882491877558943,4,0,4.471834598802422
MLTTR_1796,0.1395150561275641,0.2866884870127156,0.4245145654623722,5.422812409829059,1.2547592763148163,1,1,4.9513295350312125
MLTTR_1797,0.3009671479298232,0.17164176371828935,0.41976336032778827,8.700877965381641,4.486442996452165,9,1,7.148396336902109
MLTTR_1798,0.41782400588204244,0.26949553393948106,0.616745588052458,7.303704423911388,5.315852366878445,5,1,6.786936046804243
MLTTR_1799,0.1907254730312524,0.39924324290392077,0.42951172796209464,4.003738147631438,3.2935644841023537,10,1,7.186032525230816
MLTTR_1800,0.2834926969437537,0.4937167492038915,0.6241303378304521,5.676084529615891,7.078537536163866,2,1,7.194026671646075
MLTTR_1801,0.4462633833170172,0.23726919281547104,0.4357884154706637,2.148878306132558,3.8651937083577863,0,1,5.928723605542038
MLTTR_1802,0.15854107088486463,0.7239504740765674,0.5729934129184507,6.237583119751717,2.1498977443524105,5,1,6.930985116398647
MLTTR_1803,0.3107700974779147,0.43921048702333654,0.30028720299579453,3.30336762940112,6.533148364213397,9,0,6.937644780598091
MLTTR_1804,0.26910335987197126,0.4825562671801395,0.516144897757825,3.97277770807142,4.739824473483263,8,1,6.7480957896220275
MLTTR_1805,0.3829691529961399,0.7238419495965912,0.4765121401350909,3.9025948887414,5.266509262894854,9,1,8.576604190846542
MLTTR_1806,0.48278439143571883,0.26711388411545955,0.6132310567071176,3.6163087845297612,1.9219817707124691,3,0,5.517742299638657
MLTTR_1807,0.4550539572563102,0.2817345682657393,0.5436459503086776,8.279197353579058,2.36082012637564,5,0,6.3146058233949836
MLTTR_1808,0.05457058194070179,0.6598496002594033,0.562143391356266,7.857497913794296,3.0683660795731478,4,1,8.124844811834617
MLTTR_1809,0.27608103521138644,0.41437141865022353,0.3692166416069045,4.444680436970308,4.70487122924958,9,1,6.36616280562127
MLTTR_1810,0.20261405551805042,0.5678159154876756,0.6438634872264019,5.186232634077588,4.739297336137056,6,1,7.608912256814323
MLTTR_1811,0.19783661451593967,0.5166123794319849,0.6301001881332484,8.258792679559297,7.633938749158526,9,1,8.950618065424166
MLTTR_1812,0.26069470033161807,0.21136199072913442,0.5071932269094493,4.444946661294612,7.937690252244842,5,1,8.322243866270359
MLTTR_1813,0.004700412185485399,0.4962048098034698,0.5629350575987992,4.138150249049549,5.2511523556859645,5,1,4.833991339672858
MLTTR_1814,0.11517223516744667,0.4341758132263832,0.40812819442595644,3.36025883871232,4.816778104864079,0,1,4.6228640442806395
MLTTR_1815,0.40499625630392233,0.6992701347585033,0.4098000662766803,8.016689302365592,8.624371349931218,9,1,8.909958483955956
MLTTR_1816,0.1556111559726688,0.5535856615841804,0.5203638287540506,5.317373958366925,5.11116143063442,3,1,7.020254450772953
MLTTR_1817,0.299238165301528,0.8973827568683534,0.47659313112803636,5.017509485999931,6.93076481536695,5,1,7.4803507194443
MLTTR_1818,0.008276621203755954,0.7666147951143203,0.35044750018909215,4.182956913173263,4.070275618710632,1,1,6.177719325789318
MLTTR_1819,0.1725076800692444,0.9232916390786152,0.6504243361850828,3.237623776882956,4.804289905000117,8,0,6.787336605710619
MLTTR_1820,0.22643161045085095,0.32113060611833205,0.5862948508631228,6.84311665617981,4.470505584540032,9,0,7.983174772907772
MLTTR_1821,0.3145800642950699,0.45492270110792077,0.37702536698003375,3.5016085737945533,3.675867938803913,8,0,6.645392705337571
MLTTR_1822,0.2856880983677547,0.23070408125375602,0.6729761027895382,3.989066106506921,5.713962138480482,5,1,6.734821827321354
MLTTR_1823,0.45591071016871737,0.8952066250554875,0.52879980294863,1.7452406408849512,3.4219664548908533,9,1,7.6784585330176744
MLTTR_1824,0.11634257182631613,0.40904001208096147,0.48789690111139095,2.8679786963653897,4.790199353248288,8,0,5.961095236125516
MLTTR_1825,0.35958710254222687,0.5439638832468366,0.6456767620820288,3.997954517998818,5.786482516432697,1,1,8.241123949319853
MLTTR_1826,0.04529523235008176,0.27938899865240846,0.3413602939132305,4.046337312969537,9.026986708031021,2,0,5.531757988333858
MLTTR_1827,0.3787832224689696,0.7691253541299183,0.3365742318957965,2.0627177296231403,1.3630290756379289,4,0,6.135168921234394
MLTTR_1828,0.15549227854837822,0.0655259473830273,0.6906680860702878,3.8023172046829825,5.142575709830694,0,0,6.179837347523206
MLTTR_1829,0.4166143257947585,0.22590874500119026,0.34858898881149025,4.722925549809883,6.252467117794106,3,0,6.367809091034703
MLTTR_1830,0.3024727854608242,0.7431182888475627,0.4794596095272263,0.0,4.339185068777941,9,1,6.672998249469218
MLTTR_1831,0.35415665289991366,0.6982134582108407,0.6905509562112523,6.112841438349693,6.661469852673685,4,0,8.156160011302152
MLTTR_1832,0.4022123449627344,0.1712035743230922,0.42608426772756736,4.451592315293168,6.012163638111094,9,1,7.059614353800514
MLTTR_1833,0.2642551523112695,0.8526899344550835,0.6708037396799786,2.3842226157166237,5.931313431702443,6,0,8.277036620830735
MLTTR_1834,0.07879419514048745,0.7911521602789253,0.3651951786403446,4.453109284634019,4.19887002897024,6,1,5.524356619206276
MLTTR_1835,0.7650442053075895,0.4981590175441363,0.6538388450575174,5.836444750628592,4.588856936871774,1,1,9.045864272987766
MLTTR_1836,0.44667191546351553,0.37287397815818063,0.3005174271020688,4.969588202464843,4.566137220328573,1,1,6.469735895198894
MLTTR_1837,0.43671723283155556,0.16084779011532485,0.502282420136958,5.060573127964798,3.1117078362440296,10,0,6.608116052219055
MLTTR_1838,0.28593618451030905,0.7323366971145248,0.6740493469166233,5.001101016465536,5.344481108649284,0,0,7.852722329296955
MLTTR_1839,0.2409806263051723,0.8970575174524381,0.6118051371425011,6.235905933968994,2.981868957670524,10,1,7.368039571035786
MLTTR_1840,0.24109421599484435,0.6173921155325945,0.5725267694332017,2.3471221828178135,3.221538833765825,7,1,7.861790220017604
MLTTR_1841,0.18437895337245175,0.14118401150550075,0.49061971325676135,3.8377037854924168,2.3516276675804715,9,1,6.161550286994809
MLTTR_1842,0.22263924349763015,0.5439443576483162,0.609949543779489,5.717183085225126,7.1008385092996225,5,1,8.567395188592318
MLTTR_1843,0.26185074031949873,0.7277109550327,0.5863366403244865,5.027481779514845,3.9224192801840365,2,1,7.911865483017368
MLTTR_1844,0.05914955656047343,0.27759166983606687,0.3642349108262959,2.9193288261511587,3.307718098100975,3,0,4.455296658831038
MLTTR_1845,0.3235134554407477,0.5671422513480157,0.5868676156412113,4.42674051774455,6.512896441179858,10,1,7.0154174709519035
MLTTR_1846,0.35721245711314675,0.42040362217227933,0.6242702993355428,3.6224719186263092,4.200535821897943,6,0,7.455237146832218
MLTTR_1847,0.6716735917309583,0.46036123798261575,0.5700189951987007,5.012511899872029,5.637373700205283,7,1,8.21637903376183
MLTTR_1848,0.017845180558126564,0.3001786872825007,0.3943802534832654,1.7640451113293225,4.657581695575859,0,0,3.7441927171844287
MLTTR_1849,0.17941028802366718,0.510771429913258,0.4564050805509632,1.8319367534687019,5.686614411312347,5,0,5.685110011712874
MLTTR_1850,0.11794054732539319,0.34104229138166087,0.384704885310031,2.1785668191409173,5.36038407812037,2,1,4.921033646351288
MLTTR_1851,0.12098262975113344,0.35344685695093747,0.449291240645621,4.7086721459804,0.8706576788830098,5,1,4.497082415246374
MLTTR_1852,0.19810733130945185,0.11452812385996078,0.46270242091457814,9.749018649843432,7.800259582675183,10,1,8.238083345428125
MLTTR_1853,0.4168652345468672,0.9458858831297398,0.6216644315143959,6.866944635864287,6.9118122216109175,9,1,9.18859491526824
MLTTR_1854,0.44073248428462597,0.15575920915122413,0.5990657752406354,7.333718280135103,2.217555933247381,4,1,6.651678564122929
MLTTR_1855,0.19919117633173766,0.5758621335897658,0.37045041342068746,4.986411941634093,6.697000989104018,9,1,7.419021681087442
MLTTR_1856,0.6229738680327654,0.6540396278271353,0.6231596950725937,8.04569730832954,4.56561572567892,4,1,8.583085095608757
MLTTR_1857,0.16805382795756793,0.5350602755601592,0.580250798054282,5.653512058329098,5.218244522234661,5,0,7.082546083970668
MLTTR_1858,0.32522244644399245,0.7896479711905102,0.4330165512852999,5.095140826877915,7.445415686154009,10,1,8.170564969188296
MLTTR_1859,0.33535815872861585,0.363653901911531,0.5333320362255262,7.064274069938152,6.894663323162686,4,1,8.412060919881242
MLTTR_1860,0.08743097261471651,0.9265598748246542,0.34343552792802173,2.6134356364493665,6.860058078175583,4,1,7.670504410448851
MLTTR_1861,0.19748913873042492,0.6854025342805793,0.366326864980169,0.7257245955087495,8.82591568679436,2,0,6.651639850076884
MLTTR_1862,0.18810998203960916,0.3422059633767016,0.4059140768696052,2.6586146641938613,7.075001861879027,0,0,6.068213255589552
MLTTR_1863,0.15595575814904777,0.2683864926911619,0.6099678755743895,7.684667400553952,3.851775098267062,5,1,6.997673584584253
MLTTR_1864,0.1870019576567279,0.21500337757727442,0.3737793964513428,6.700308224061098,2.5600984240438773,7,1,5.052411904725581
MLTTR_1865,0.29038176015874945,0.376449777825907,0.41036148396206107,5.325996867022993,6.5935412225830605,5,1,7.321108374745323
MLTTR_1866,0.1871826804095967,0.4576346803593474,0.505921742038531,4.502159335914079,1.7382102762458018,5,1,5.728600576207558
MLTTR_1867,0.13575509409493916,0.3041007253841516,0.46612539843334194,4.629293277943707,4.329900816353775,1,1,5.199262030664461
MLTTR_1868,0.34668011699605905,0.7374860397584889,0.38334618300859413,5.713503016746215,4.312280278612539,2,1,7.596296946338721
MLTTR_1869,0.32968263455346053,0.6017039596434438,0.5094699395167696,3.2903403607770114,3.658265077933382,7,1,7.562114601079453
MLTTR_1870,0.24985705184299334,0.5681434307267738,0.6992592361024541,6.454724840755631,7.579233777141106,5,1,8.906681679663063
MLTTR_1871,0.26581720662091296,0.17026596049957388,0.5028586257846217,3.0772228608158416,5.6103595121467755,10,1,6.452885956625085
MLTTR_1872,0.16633071433461344,0.7272730163196445,0.6451048455414483,7.564128431376368,4.57062410177805,3,1,7.251089468744662
MLTTR_1873,0.32502080964117824,0.7839209026977737,0.6356435164663052,4.3065833264039535,6.705049352737489,5,1,7.545495801463235
MLTTR_1874,0.31261229196250173,0.7958887610899406,0.36107316252325294,3.1700031896050147,4.218589937634817,7,1,7.666394741391406
MLTTR_1875,0.46920928611403967,0.2899515207855563,0.4987102667572266,4.401964214233922,7.286253520539205,6,1,7.715903983581392
MLTTR_1876,0.4392609582250318,0.2896295375353138,0.47490955130725976,3.160605575458533,8.89291378171918,10,1,8.567060423471746
MLTTR_1877,0.2853611885489318,0.6277497509991307,0.6266565956693406,4.698153123596435,4.751247585211471,1,1,6.5961418151256686
MLTTR_1878,0.2526828946363467,0.21487031270479193,0.5804786053593118,1.4578592711491782,4.685685689403425,0,1,4.892920315179966
MLTTR_1879,0.2596765182689168,0.5522985830789475,0.5520891662052665,4.001953630395694,7.193323291381422,7,1,7.05617039035719
MLTTR_1880,0.3889102452550925,0.289503147488674,0.6585818501671086,5.1014474187192445,1.2658327412208044,8,1,6.498731854226495
MLTTR_1881,0.09224021270210843,0.5063788568723302,0.34368854191069614,5.699950891447886,2.610404102257816,3,1,5.599788870466315
MLTTR_1882,0.3319696405766276,0.43667805175736896,0.34742905451336875,4.199490952423174,3.0433620717464644,9,1,6.1783175514744695
MLTTR_1883,0.16126974357649237,0.31413239464834275,0.4941034726936392,7.301608370924989,1.9201785515517655,3,0,6.05302548388849
MLTTR_1884,0.31491230169146933,0.6939362196430088,0.5620517561036451,1.6732170968199491,4.989944667922949,7,1,6.947286849941593
MLTTR_1885,0.33149382794589644,0.4583668110890508,0.5665798224005529,4.529115897769038,5.561364791568656,10,1,7.627945913348748
MLTTR_1886,0.485533029778591,0.40191380867620174,0.6440552497277967,4.010615109479186,4.943678704133683,6,1,7.7746943381536635
MLTTR_1887,0.2015844947729306,0.7022753173781713,0.3704098075686728,4.9357355595006265,4.94333994128036,6,1,6.624593852853335
MLTTR_1888,0.3254469902580641,0.3375556052000421,0.3419787913795843,4.441039634164974,6.739158433528226,3,1,6.7299078297853425
MLTTR_1889,0.3552449328561708,0.247878748810564,0.4396605084507787,7.634527307781866,7.039748488706577,9,1,8.344755689025858
MLTTR_1890,0.44538572428453066,0.4078250433661086,0.5773888700792837,4.9429441431190835,7.362887837357601,4,1,8.38803552084997
MLTTR_1891,0.3390150600670233,0.27814499224036565,0.4201390753525359,3.150922396449113,4.725178974297044,5,1,6.388446097744393
MLTTR_1892,0.33622940553247854,0.46130568220512586,0.5901903189497932,9.783808544689673,5.030261842418479,1,1,7.649098872213962
MLTTR_1893,0.31287691796842804,0.5298715803215384,0.5181325836543372,5.025128299962866,7.799854110832614,9,1,8.660081889149144
MLTTR_1894,0.18075975251085624,0.37579686006088797,0.41561105715702307,4.636837515142707,5.778065750985946,0,0,5.5441079358254965
MLTTR_1895,0.2782846314944165,0.6284146019781492,0.523496542296553,6.668711482481661,7.507280669301828,1,1,7.559840798518084
MLTTR_1896,0.17496784116275754,0.34111933520796817,0.48546047017611627,3.790050162059674,4.092474316936131,7,1,6.184166211992678
MLTTR_1897,0.5617050874166413,0.8963798607633467,0.6381188138493851,4.510750761349611,4.910138002349652,0,1,8.780479086596618
MLTTR_1898,0.3242056110858912,0.8097438398021478,0.6211277159930557,6.6249911098112895,3.775184067441133,1,1,7.020544298473444
MLTTR_1899,0.299113199999909,0.8182895710136217,0.39247937756410683,2.646752253758365,4.954998336321986,4,1,7.585816378360839
MLTTR_1900,0.013461521677970932,0.9232607864961514,0.3868699136309279,4.067473973020441,5.806445203670825,0,1,5.775371166989795
MLTTR_1901,0.0845180902684481,0.3987327259289193,0.6382895526941289,6.776594795638369,4.142825780739924,10,1,6.997094556461296
MLTTR_1902,0.22768788296787032,0.795846643272853,0.6394655642271032,8.44141999603776,8.728590464375257,2,1,9.049235903756099
MLTTR_1903,0.477614713097312,0.456642639704662,0.6452515804937176,4.7921217442696555,2.168825776316876,2,1,6.794107075054553
MLTTR_1904,0.09746896668029532,0.6532983257871208,0.4489918163412766,4.7433008356001665,6.642233350152991,0,1,6.482281851387789
MLTTR_1905,0.03477535185656937,0.576952662578103,0.35095696636713297,7.063511619152332,2.925249136377929,3,0,6.034671080641975
MLTTR_1906,0.5176258254993661,0.7001159076590596,0.5183489444308912,2.0765758120734437,5.559482422446765,6,1,8.111268256498184
MLTTR_1907,0.21506648152899574,0.6771010192021023,0.681104299380586,3.596174958747877,3.528809340460404,3,0,7.923953034526236
MLTTR_1908,0.6699949927792682,0.17325843799366603,0.5346109479050603,3.403387287611809,5.132304723928088,5,1,6.490218565987333
MLTTR_1909,0.12637029367286387,0.6246209538749575,0.5736661336013732,0.9480692691977035,5.131748111666081,3,1,5.665208156735914
MLTTR_1910,0.13675694148403178,0.32453020319030323,0.3119480936753476,0.0,3.472705699470938,4,1,3.249488844692356
MLTTR_1911,0.4870268596212891,0.43958425690253156,0.4641341489662795,4.154696200239948,2.67308909070987,2,0,6.506307617326337
MLTTR_1912,0.15579212953736382,0.08382486910580096,0.3706021770972042,6.7148623440607516,3.637745010606972,0,0,3.9490999185317763
MLTTR_1913,0.3346816345003769,0.6902796114325542,0.3325429981618637,6.242652900493875,5.0325595224017805,1,1,8.013459584636822
MLTTR_1914,0.24847524258791898,0.5951417678703221,0.3876823189186521,7.4070953569474165,6.53712384191677,5,1,7.539487002889087
MLTTR_1915,0.20862205971966893,0.3656832877473893,0.4151780921229392,0.0,8.050875557580534,2,1,5.630972215177395
MLTTR_1916,0.1551168268203402,0.6179750225550693,0.5001525454649618,4.660719947418626,1.7178740506147494,7,1,5.686694245358916
MLTTR_1917,0.0822033697356203,0.702296408851192,0.5450489079046901,7.542824733370665,5.86067866428767,7,1,7.666451697270615
MLTTR_1918,0.4686417284733536,0.2127888635264985,0.5165535330049864,3.2561709185464682,4.098696699584116,3,1,6.803968187058263
MLTTR_1919,0.1575396346651894,0.34291491795207946,0.4429562344788956,2.411175142107786,5.013664175514885,0,1,5.062451707941832
MLTTR_1920,0.4309944227098929,0.6678469492633302,0.36101777090391424,5.623435693386709,5.598861850768021,2,1,8.199334279093392
MLTTR_1921,0.16015342727611873,0.5105899448361745,0.49820473805916043,4.97213847565319,6.499239235480041,10,1,6.82667165565996
MLTTR_1922,0.22261598484528272,0.8861550852240304,0.6594275260213733,6.188201219988342,5.762512087326438,4,1,8.315670246155882
MLTTR_1923,0.17271240086120315,0.4742417785240405,0.6595020885421875,4.936049338815493,4.946114933776739,8,1,7.437662852017307
MLTTR_1924,0.32774425970197923,0.2576206164880175,0.6658918471145094,7.367789333758729,7.960328563741845,3,1,7.4391738700187595
MLTTR_1925,0.09602166885784848,0.6848908666929472,0.6564171933566112,6.300129267177693,5.524649761549526,9,1,7.4387739106740876
MLTTR_1926,0.4296069650922229,0.21440875898713455,0.5294425243452796,5.448834822314002,4.98115624007131,4,1,7.284143025386539
MLTTR_1927,0.12462132995479251,0.03534327746920033,0.5073807305719177,4.216445525714556,7.154179867240249,10,1,6.614471654503137
MLTTR_1928,0.1342905443449302,0.8933526674474233,0.3885328132506958,6.326838201759369,2.8182060269657607,6,0,6.274963355257011
MLTTR_1929,0.22152923682441883,0.6650437564745741,0.5979942228053855,3.6582344924368755,3.2033932115478985,6,1,7.300263205073315
MLTTR_1930,0.29669082718658646,0.02210009118381804,0.5326766227752047,6.8198383208141955,7.75241523367678,0,0,6.723553283878458
MLTTR_1931,0.3130797299753844,0.516577472623888,0.46077548611141206,7.1944255011081095,4.611161061064499,9,1,8.127793428399128
MLTTR_1932,0.394153739292375,0.6433910234524385,0.32440413668096674,6.7969540618232465,1.5973337440341977,3,0,7.687753665716359
MLTTR_1933,0.4680556499876245,0.7574970554233933,0.37213937306809247,2.464987187473642,6.5044424446183395,9,1,7.505719366630388
MLTTR_1934,0.28220715020251813,0.5287651525440803,0.5749530422798717,5.814538817421629,7.275710130251929,1,1,7.629852530770753
MLTTR_1935,0.32155861023647475,0.3284845363591795,0.506242792404862,5.678248395130819,3.5135823284515597,0,1,6.946054242027418
MLTTR_1936,0.07598512574141453,0.8548134142167798,0.6105818177586984,6.657137946067474,2.5030477519787473,2,1,6.783059320348945
MLTTR_1937,0.12238313305347041,0.5669731626591076,0.34609594925721576,1.9212703466745666,4.884822669152359,0,0,4.8163080330468455
MLTTR_1938,0.15619785900965305,0.08704372472598378,0.5706898164080763,3.786625642458649,5.661886885361649,8,1,6.903004553307894
MLTTR_1939,0.21218561524414584,0.38044670785231544,0.6517957736848516,4.806643795570748,3.8474775102013052,7,1,6.697758897568782
MLTTR_1940,0.5101479174153836,0.6285253950942036,0.31229501692789624,7.678737052593778,3.244228344590586,4,1,7.950825534180557
MLTTR_1941,0.2329930996290628,0.6463906146779383,0.6907099608129365,3.7938718205457933,5.974597075847661,3,0,8.425701088626706
MLTTR_1942,0.10705353543598875,0.6296636447323606,0.3242066185648891,6.703696045066428,5.987746615909212,4,1,6.405910231894977
MLTTR_1943,0.21851900848610412,0.18360198544478337,0.5911902506421398,5.247224045995224,1.9673875674251127,9,1,6.877212337890026
MLTTR_1944,0.8795900876931968,0.549674502654465,0.5135284755698039,8.73275359115228,2.8588232062606793,3,1,8.912676847520684
MLTTR_1945,0.11917282028143175,0.31753692531188027,0.42418756624225545,5.597125353681083,4.3610810035867305,10,1,6.868340381675267
MLTTR_1946,0.12456901433955496,0.4241660396142777,0.44045482063096353,1.8155993514916364,3.7826208166322797,10,0,5.71709419529907
MLTTR_1947,0.40700889180222216,0.23648486912172792,0.3143377803871171,4.41933040148197,5.378949646721961,5,1,5.907185490248346
MLTTR_1948,0.0877371383139272,0.8677397290593903,0.6032410594889923,5.462382156430167,5.945109384662398,9,1,8.071971956450883
MLTTR_1949,0.42283928312937025,0.942314169440378,0.30872448411720577,7.440453113158968,8.488887589472212,8,1,8.592476653497286
MLTTR_1950,0.5892466093022515,0.5038535405614206,0.6843930550495877,6.258312235227803,5.65402600319249,0,1,8.497964985067128
MLTTR_1951,0.3177536194843271,0.7537462851441002,0.688144676171946,4.413203962824382,6.718460165165663,5,1,8.005773855731956
MLTTR_1952,0.45753713367689314,0.46789375787211845,0.634308931121462,2.4915758147333333,2.0177812757394222,2,1,7.905200634123305
MLTTR_1953,0.02486798250026071,0.6822416505086185,0.3508107446562847,5.028968991512763,3.659333647265224,8,1,6.793483304492751
MLTTR_1954,0.252258296005078,0.33632790809183594,0.5484233740383049,4.7275992137599445,6.972155173095604,4,0,8.239457893962836
MLTTR_1955,0.04051660777585306,0.8790252617568557,0.6248259664560771,7.56696579857101,2.212917958362986,6,1,7.6672539490570735
MLTTR_1956,0.35173903802776163,0.13875049792939165,0.46188921797949556,6.7808050149873065,7.5047394257878395,8,0,7.905747681093317
MLTTR_1957,0.24877999340736698,0.8451371345656807,0.4695025454974087,2.2250983901763894,6.00607063091835,9,0,7.764788086148837
MLTTR_1958,0.5790808083326204,0.7706157156701536,0.6172014792124552,0.431288455988577,5.220762506736712,3,1,8.491345271529092
MLTTR_1959,0.6280164476468489,0.3642375970110167,0.3083562466307404,4.158077643500664,4.73972453960452,1,1,6.744211190611003
MLTTR_1960,0.707043739047754,0.6579587224232156,0.45013458030088094,5.495934105945109,2.7609429518723028,2,1,7.3699807874515715
MLTTR_1961,0.6235443753395513,0.632997090758806,0.6374141919433703,3.0684994416036675,2.919327384814901,8,1,7.323271086001952
MLTTR_1962,0.3641361881767237,0.4495744005892571,0.6202436734843071,3.9551982562175483,3.963014258819517,1,0,6.843714923472957
MLTTR_1963,0.35568393827685046,0.3554037889439051,0.6705405253542661,7.292078092213522,4.148769843762522,2,1,7.439343015515988
MLTTR_1964,0.22335498792198943,0.8224921821726988,0.6467912323905617,6.410087016994952,7.291889983053217,9,1,8.241787486667441
MLTTR_1965,0.23795184939850308,0.36950531217889865,0.3801045896900938,1.5920501021763513,3.0317455922492975,6,0,5.360593223325269
MLTTR_1966,0.7209100096170042,0.7088671960210537,0.6700899218950311,5.648703736632072,3.777283548760709,4,1,8.537058289981232
MLTTR_1967,0.7397926447420518,0.673300081459199,0.39937473218102304,5.280770161355378,1.6659332317265587,9,1,8.238110536315268
MLTTR_1968,0.1584692453750431,0.470395431896683,0.5202346660500826,4.573355429836093,5.269845377900695,3,1,6.113350126883636
MLTTR_1969,0.6355081722070907,0.5550759581263499,0.5304305021068934,6.075635411202052,4.954600067846835,4,1,7.938966348158154
MLTTR_1970,0.13662201322161632,0.7388982394594938,0.5682317899633825,6.116774328656915,7.03059207444195,4,1,8.442323608834734
MLTTR_1971,0.8189033763745072,0.5768683831316327,0.5483734026022975,9.839485444594114,8.591471578640983,7,1,8.790750032350184
MLTTR_1972,0.45363054137350495,0.25377779041175275,0.39188249997571883,5.421647000982385,5.974690099168491,10,1,8.255544738866664
MLTTR_1973,0.6321336944256543,0.960979143755818,0.6475123889002944,3.541180324582278,3.3399463270208587,2,1,8.764936491636867
MLTTR_1974,0.4828069429179673,0.2689693009555391,0.35948197443212165,3.9951454750118054,5.3854757990534985,7,1,6.5123159635564605
MLTTR_1975,0.3304302099808126,0.3912692331253192,0.5974869296682226,6.379969977374946,5.495894685550974,4,1,7.494646704093399
MLTTR_1976,0.40107582903719446,0.4390343029478496,0.3016125380131433,8.759111720678,4.846999516183746,2,0,6.792376980155487
MLTTR_1977,0.24091015539261024,0.43982209961453256,0.6579557523988393,6.163752714526858,2.9124900226424986,3,0,7.004484673995847
MLTTR_1978,0.13550754190589565,0.33671666029194225,0.6513555015217833,6.027345827208259,5.610143571420528,2,0,6.20653565085022
MLTTR_1979,0.30469297433946674,0.12974207211230485,0.4046904941972016,5.49999217340081,2.6666697883029737,2,1,5.439087360412091
MLTTR_1980,0.45984673534971654,0.19379912307829786,0.5210318626238628,4.1032912220301885,4.79740423388799,1,0,5.297442547941062
MLTTR_1981,0.3621876195016189,0.8617819069549739,0.49344361290064476,5.123925939254593,4.384328488780075,10,1,8.155227960502444
MLTTR_1982,0.43996783815051055,0.680163301427317,0.6728635637723748,2.603410467257031,0.06669618846960024,9,1,6.834181297692238
MLTTR_1983,0.3700593365860631,0.2083612714947908,0.41649309638903353,6.440309247844825,6.108823121649962,8,1,8.002291703727321
MLTTR_1984,0.19269083020756927,0.4318897138981914,0.33058488562330274,5.906858570759015,8.984487304442053,4,1,6.490603192737168
MLTTR_1985,0.1116836506395322,0.35899046708379634,0.458829289314868,5.337226716441131,4.265282477928786,10,0,6.900679002992265
MLTTR_1986,0.2205961236470415,0.5320944489806491,0.42378318456346853,3.297661413195551,3.785699814648855,7,1,6.591492409760408
MLTTR_1987,0.08625307528673816,0.4083438466700966,0.404870609808157,4.466277340645405,6.715438956996298,8,1,5.688707614187312
MLTTR_1988,0.28658681191457336,0.3607535507371073,0.6105118260553362,3.8578723233186833,2.47693464268426,9,1,7.544131649591668
MLTTR_1989,0.30683166781339594,0.456480024350676,0.4534897229006459,5.577507876487607,4.994600218178614,3,1,7.049036373409088
MLTTR_1990,0.4994261421107318,0.2145677265427424,0.3562678339639841,4.419659906779184,5.413449675111381,0,1,6.088491399646667
MLTTR_1991,0.28346866859681474,0.2905095222556153,0.3740643532701675,5.691173700384966,3.8943945678975913,8,0,6.201150368692907
MLTTR_1992,0.1994497806521599,0.25225118942302616,0.6478910147835832,6.807168302697049,4.818046741221611,2,1,6.334298891142914
MLTTR_1993,0.35991989644550615,0.1791383634281988,0.4856827122516646,7.4684354094546475,3.354120787500009,10,1,7.055059250978168
MLTTR_1994,0.390539500172759,0.5949014059481752,0.3806542300736052,2.977542189369089,3.860976719615592,4,1,6.563432696494836
MLTTR_1995,0.29562119056722364,0.4393474086362433,0.4909577131861721,4.328686031504736,6.212997212323388,0,1,6.8878264225587635
MLTTR_1996,0.18160429506379053,0.8359245048278284,0.34382953110151004,2.8403505896617136,3.304843789456394,8,0,4.7623129723755175
MLTTR_1997,0.5391855735549587,0.7318283352903568,0.49194195917422057,7.431258186250517,3.87438316585491,5,1,8.81731422203913
MLTTR_1998,0.40221505725708284,0.3091433528855879,0.39556457228652847,3.320867766056373,3.6374557141418307,4,1,7.228815632417408
MLTTR_1999,0.2454202469766481,0.08296874377326734,0.4533652942301746,7.629013957811363,5.918906752175517,7,1,6.915648009207658
MLTTR_2000,0.09440367931186794,0.09428767109287212,0.6724232531718858,4.00297058211368,4.248267157985803,3,0,4.841628343134236
